id,chromogram_0_1,genus,spec_centr_1,species
0,0.8323922108,Acanthis,2618.0829831032,flammea
1,0.839119599,Acanthis,2622.2581575093,flammea
2,0.8235396949,Acanthis,2620.8953325364,flammea
3,0.8555583934,Acanthis,2621.8551228955,flammea
4,0.8843045236,Acanthis,2623.6702940071,flammea
5,0.8243117122,Acanthis,2624.0062359169,flammea
6,0.8354993616,Acanthis,2623.4896512,flammea
7,0.8272167185,Acanthis,2625.4899848382,flammea
8,0.8953397202,Acanthis,2624.6255147903,flammea
9,0.8236978579,Acanthis,2627.8458912976,flammea
10,0.8472571216,Acanthis,2631.0940437388,flammea
11,0.0069938374,Acanthis,1821.5875481774,flammea
12,0.007123378,Acanthis,1830.1986977487,flammea
13,0.006590745,Acanthis,1829.7758065189,flammea
14,0.0059805839,Acanthis,1826.6480243801,flammea
15,0.0055690884,Acanthis,1819.4754715233,flammea
16,0.5784479635,Acanthis,2372.8854949717,flammea
17,0.5158578867,Acanthis,2346.9634211888,flammea
18,0.5255286114,Acanthis,2383.4384337245,flammea
19,0.5077347705,Acanthis,2373.7777284379,flammea
20,0.2027897816,Acrocephalus,2933.8783158832,palustris
21,0.2000509518,Acrocephalus,2937.7440961799,palustris
22,0.2043102803,Acrocephalus,2943.2473049134,palustris
23,0.2220117001,Acrocephalus,2947.3839452213,palustris
24,0.1973575481,Acrocephalus,2942.5237341495,palustris
25,0.202723611,Acrocephalus,2950.4466093552,palustris
26,0.2051389367,Acrocephalus,2933.5229529498,palustris
27,0.2037434828,Acrocephalus,2934.5494665695,palustris
28,0.2161991798,Acrocephalus,2947.7918673194,palustris
29,0.2399320737,Acrocephalus,2150.4892698574,palustris
30,0.1416711531,Acrocephalus,2166.4237422287,palustris
31,0.006306459,Acrocephalus,2084.3232907432,palustris
32,0.0043229572,Acrocephalus,2106.2603708639,palustris
33,0.0038138451,Acrocephalus,2119.4571573846,palustris
34,0.0061365206,Acrocephalus,2107.2823236523,palustris
35,0.0053527239,Acrocephalus,2105.8848847456,palustris
36,0.0029800437,Acrocephalus,2118.7451390901,palustris
37,0.0035235634,Acrocephalus,2124.3225653869,palustris
38,0.0043518031,Acrocephalus,2129.2233979445,palustris
39,0.0046046858,Acrocephalus,2111.7738968464,palustris
40,0.0064856349,Acrocephalus,2991.795272544,schoenobaenus
41,0.0063100432,Acrocephalus,3019.4867942857,schoenobaenus
42,0.0050162253,Acrocephalus,3054.9709673475,schoenobaenus
43,0.0046003649,Acrocephalus,3062.5726812748,schoenobaenus
44,0.0032543307,Acrocephalus,3154.6098398009,schoenobaenus
45,0.0071393194,Acrocephalus,3144.2215754662,schoenobaenus
46,0.0049392873,Acrocephalus,3177.1283049934,schoenobaenus
47,0.0031421106,Acrocephalus,3151.7684569683,schoenobaenus
48,0.0031181724,Acrocephalus,3169.9032775213,schoenobaenus
49,0.0023022193,Acrocephalus,3190.163597065,schoenobaenus
50,0.0027064584,Acrocephalus,3150.9672669938,schoenobaenus
51,0.0029856267,Acrocephalus,3207.6310037193,schoenobaenus
52,0.0035608917,Acrocephalus,3177.2804499483,schoenobaenus
53,0.0028631479,Acrocephalus,3145.6925438486,schoenobaenus
54,0.0030205624,Acrocephalus,3163.9681022114,schoenobaenus
55,0.0032986172,Acrocephalus,3140.8744057,schoenobaenus
56,0.0028219763,Acrocephalus,3160.9432188246,schoenobaenus
57,0.1955494794,Acrocephalus,2762.212774648,schoenobaenus
58,0.1662325243,Acrocephalus,2812.7265439399,schoenobaenus
59,0.2048345253,Acrocephalus,2798.6704074691,schoenobaenus
60,0.3575734935,Acrocephalus,1958.3677747753,scirpaceus
61,0.3469161915,Acrocephalus,1961.0428534993,scirpaceus
62,0.2810338804,Acrocephalus,1943.6510661205,scirpaceus
63,0.3452021935,Acrocephalus,1949.9479698463,scirpaceus
64,0.1803705656,Acrocephalus,1943.7943733364,scirpaceus
65,0.3326139204,Acrocephalus,1934.0094602508,scirpaceus
66,0.3082120582,Acrocephalus,1933.2966488754,scirpaceus
67,0.2992041476,Acrocephalus,1930.415248988,scirpaceus
68,1,Acrocephalus,1937.8932619291,scirpaceus
69,1,Acrocephalus,1947.1593319329,scirpaceus
70,1,Acrocephalus,1942.3969060979,scirpaceus
71,1,Acrocephalus,1955.6413514841,scirpaceus
72,0.9551925879,Acrocephalus,1971.6616040162,scirpaceus
73,0.7948688089,Acrocephalus,1983.0154325085,scirpaceus
74,0.8379031751,Acrocephalus,1957.3544651869,scirpaceus
75,0.2611189006,Acrocephalus,1718.4287976625,scirpaceus
76,0.3011013064,Acrocephalus,1714.3397754056,scirpaceus
77,0.2655664794,Acrocephalus,1669.0303483888,scirpaceus
78,0.2167990224,Acrocephalus,1714.4829630187,scirpaceus
79,0.2443175331,Acrocephalus,1671.8308681639,scirpaceus
80,0.0001565762,Aegithalos,3637.6233589743,caudatus
81,0.638234663,Aegithalos,902.8318357461,caudatus
82,0.6390119923,Aegithalos,923.1321606058,caudatus
83,0.6400011959,Aegithalos,925.6190176866,caudatus
84,0.6362979262,Aegithalos,940.38878754,caudatus
85,0.6337438774,Aegithalos,948.3340578533,caudatus
86,0.6356384102,Aegithalos,957.9836247087,caudatus
87,0.6360724118,Aegithalos,957.6746726092,caudatus
88,0.6373400472,Aegithalos,963.0918780256,caudatus
89,0.638926065,Aegithalos,965.7918595428,caudatus
90,0.6400406133,Aegithalos,976.148807462,caudatus
91,0.6391487476,Aegithalos,979.0884306418,caudatus
92,0.6385065721,Aegithalos,982.293337064,caudatus
93,0.6427768001,Aegithalos,1002.0198806522,caudatus
94,0.6434091317,Aegithalos,1002.8053839581,caudatus
95,0.6473541064,Aegithalos,1013.2182226297,caudatus
96,0.6489945086,Aegithalos,1019.5384708321,caudatus
97,0.6495381015,Aegithalos,1019.8769493752,caudatus
98,0.6547555866,Aegithalos,1034.9448149073,caudatus
99,0.6570509968,Aegithalos,1046.2723181824,caudatus
100,0.0323362971,Alauda,2076.6898101839,arvensis
101,0.0380630306,Alauda,2100.9148766877,arvensis
102,0.0436551609,Alauda,2111.9423811105,arvensis
103,0.0612743312,Alauda,2102.6936782095,arvensis
104,0.0536861555,Alauda,2124.612197493,arvensis
105,0.0502489807,Alauda,2141.4979124127,arvensis
106,0.0504350313,Alauda,2187.2266103559,arvensis
107,0.0566813646,Alauda,2208.2276314156,arvensis
108,0.0923641002,Alauda,2247.2540399087,arvensis
109,0.0837935568,Alauda,2240.7972798802,arvensis
110,0.0895015301,Alauda,2252.0075639613,arvensis
111,0.0853423053,Alauda,2236.4693887128,arvensis
112,0.123661562,Alauda,2253.4036023069,arvensis
113,0.0934010468,Alauda,1759.099629317,arvensis
114,0.0673192394,Alauda,1588.6023602384,arvensis
115,0.14566997,Alauda,1801.9761003899,arvensis
116,0.0347489573,Alauda,1754.3843730493,arvensis
117,0.0915304836,Alauda,1687.8528229792,arvensis
118,0.1064184283,Alauda,1811.9931571731,arvensis
119,0.0115161069,Alauda,1652.4295676365,arvensis
120,0.0057037558,Anthus,2517.7164249931,pratensis
121,0.0082023541,Anthus,2536.1406489142,pratensis
122,0.0045698808,Anthus,2526.3486660106,pratensis
123,0.1597886467,Anthus,2607.5419199922,pratensis
124,0.1917269423,Anthus,2606.23495461,pratensis
125,0.1633407311,Anthus,2611.4093147257,pratensis
126,0.1982830672,Anthus,2609.555262768,pratensis
127,0.2064479765,Anthus,2604.9969277468,pratensis
128,0.2045884587,Anthus,2603.0314239881,pratensis
129,0.1577548428,Anthus,2601.6098540044,pratensis
130,0.0002029042,Anthus,3091.6735122891,pratensis
131,9.95433053209019E-05,Anthus,3076.7352156217,pratensis
132,0.0001881225,Anthus,3093.6075002325,pratensis
133,4.29501378004159E-05,Anthus,3010.858467986,pratensis
134,0.0001949019,Anthus,3091.661656376,pratensis
135,0.000245508,Anthus,3107.0405696291,pratensis
136,0.0002354058,Anthus,3115.5571609276,pratensis
137,6.5614946221987E-05,Anthus,3049.961552817,pratensis
138,0.000265343,Anthus,3102.911365398,pratensis
139,0.0001527231,Anthus,3074.6483727267,pratensis
140,0.7979562712,Anthus,2181.9151746789,trivialis
141,0.7789801249,Anthus,2233.7503049652,trivialis
142,0.8298492865,Anthus,2229.2177928514,trivialis
143,0.8107107149,Anthus,2192.4044146667,trivialis
144,0.3105547807,Anthus,2319.6430588065,trivialis
145,0.3107351656,Anthus,2272.8424833788,trivialis
146,0.3149400196,Anthus,2306.4653278305,trivialis
147,0.2675314907,Anthus,2222.0336065235,trivialis
148,0.2674367369,Anthus,2170.4010900249,trivialis
149,0.2775554665,Anthus,2276.2940973415,trivialis
150,0.2764604051,Anthus,2221.8741944079,trivialis
151,0.2911919825,Anthus,2300.0499848947,trivialis
152,0.0005696802,Anthus,2889.8107791192,trivialis
153,0.0007635161,Anthus,2878.5057719046,trivialis
154,0.0005871819,Anthus,2817.9250384973,trivialis
155,0.00075922,Anthus,2862.5296013696,trivialis
156,0.0006340902,Anthus,2834.9158872766,trivialis
157,0.000928546,Anthus,2902.6767337094,trivialis
158,0.0005817971,Anthus,2882.9542452395,trivialis
159,0.0003469035,Anthus,2811.9055625599,trivialis
160,0.3773198638,Apus,2051.3630188108,apus
161,0.4984780301,Apus,2114.8487512178,apus
162,0.4859288167,Apus,2104.6519729109,apus
163,0.4732271586,Apus,2111.6170245951,apus
164,0.481351914,Apus,2103.7146532734,apus
165,0.5066973386,Apus,2093.5048828761,apus
166,0.5494883636,Apus,2107.8383612078,apus
167,0.6292317836,Apus,2096.4452334923,apus
168,0.7795579637,Apus,2130.6782103298,apus
169,0.8313303323,Apus,2137.5037127171,apus
170,0.7410348109,Apus,2141.3271092436,apus
171,0.952727681,Apus,2144.7627840299,apus
172,1,Apus,2147.1765245665,apus
173,1,Apus,2153.912544669,apus
174,1,Apus,2146.9429432809,apus
175,1,Apus,2172.3438021207,apus
176,1,Apus,2161.1956345072,apus
177,0.8786707257,Apus,2164.9866219039,apus
178,0.8785759968,Apus,1038.3132248132,apus
179,0.8857811492,Apus,1039.1628106654,apus
180,0.7943511762,Branta,803.2274256996,canadensis
181,0.7943108862,Branta,806.4998474858,canadensis
182,0.7942300698,Branta,804.7067156526,canadensis
183,0.7936114695,Branta,807.4864327803,canadensis
184,0.7929352978,Branta,809.9350223867,canadensis
185,0.7919700793,Branta,809.3603427693,canadensis
186,0.7835519365,Branta,813.2859414947,canadensis
187,0.7816346846,Branta,815.8798980136,canadensis
188,0.7769433897,Branta,817.6826337995,canadensis
189,0.7732298789,Branta,824.8205088847,canadensis
190,0.7728600805,Branta,823.8392626485,canadensis
191,0.772275387,Branta,825.1412252043,canadensis
192,0.6641871483,Branta,568.4256824724,canadensis
193,0.677299378,Branta,571.8460171351,canadensis
194,0.6813483804,Branta,570.0641697918,canadensis
195,0.6853670599,Branta,571.8546740358,canadensis
196,0.6898431194,Branta,570.0188025493,canadensis
197,0.7120955928,Branta,567.7880898865,canadensis
198,0.1457253505,Branta,1035.5417305975,canadensis
199,0.1337370722,Branta,1033.5071938984,canadensis
200,0.0073340946,Calidris,1985.8531066485,alpina
201,0.3500381703,Calidris,1914.8299701849,alpina
202,0.0218690217,Calidris,1452.907434286,alpina
203,0.0226554984,Calidris,1457.1465534337,alpina
204,0.0244308855,Calidris,1456.368064978,alpina
205,0.023405097,Calidris,1415.4401880404,alpina
206,0.0223821802,Calidris,1410.6240916111,alpina
207,0.0213723311,Calidris,1429.7334020139,alpina
208,0.0206975589,Calidris,1455.8020922151,alpina
209,0.021182518,Calidris,1449.2284098892,alpina
210,0.0216099931,Calidris,1435.9750243712,alpina
211,0.0222360595,Calidris,1411.4450194698,alpina
212,0.0223656711,Calidris,1417.5490194338,alpina
213,0.0224539288,Calidris,1434.8720161104,alpina
214,0.0223699948,Calidris,1448.2896160475,alpina
215,0.0220977269,Calidris,1458.6096546732,alpina
216,0.0217181464,Calidris,1461.5122752453,alpina
217,0.0219451135,Calidris,1414.7123446158,alpina
218,0.0239977206,Calidris,1440.9343314982,alpina
219,0.0442149805,Calidris,1417.2701112866,alpina
220,0.6876523858,Caprimulgus,1797.7967844913,europaeus
221,0.9858847284,Caprimulgus,1788.2668829243,europaeus
222,1,Caprimulgus,1828.1426353766,europaeus
223,0.8376492044,Caprimulgus,1847.4091925171,europaeus
224,0.791763649,Caprimulgus,1919.7617589057,europaeus
225,0.8863468345,Caprimulgus,1946.9863259988,europaeus
226,0.7350023586,Caprimulgus,1957.9497881299,europaeus
227,0.7060948719,Caprimulgus,1988.4287887408,europaeus
228,0.6929019038,Caprimulgus,1952.590337581,europaeus
229,0.2097363777,Caprimulgus,1102.051859807,europaeus
230,0.2387504178,Caprimulgus,1027.1780443429,europaeus
231,1,Caprimulgus,1063.6610872626,europaeus
232,0.2335674183,Caprimulgus,1316.1147280472,europaeus
233,0.4079180413,Caprimulgus,1156.1082671181,europaeus
234,0.7850645787,Caprimulgus,1215.1715312212,europaeus
235,0.6649990966,Caprimulgus,1148.2678393435,europaeus
236,1,Caprimulgus,1088.2809505013,europaeus
237,1,Caprimulgus,1210.518092031,europaeus
238,1,Caprimulgus,1144.7942607302,europaeus
239,1,Caprimulgus,1180.5895079302,europaeus
240,0.0913590665,Carduelis,2494.5255391871,carduelis
241,0.0843434366,Carduelis,2503.5917752889,carduelis
242,0.0839941829,Carduelis,2505.3836024037,carduelis
243,0.0856177127,Carduelis,2509.6117584449,carduelis
244,0.0906961532,Carduelis,2507.4920622348,carduelis
245,0.0909673849,Carduelis,2504.5866248652,carduelis
246,0.0914831053,Carduelis,2505.7956803918,carduelis
247,0.0136607444,Carduelis,2170.0912057486,carduelis
248,0.0098636893,Carduelis,2176.3937709765,carduelis
249,0.0104997186,Carduelis,2199.8132941782,carduelis
250,0.0117955566,Carduelis,2164.3866264275,carduelis
251,0.0130823977,Carduelis,2161.8257421624,carduelis
252,0.0111103669,Carduelis,2195.7697553257,carduelis
253,0.0133428489,Carduelis,2168.1050193146,carduelis
254,0.0130647727,Carduelis,2194.5285020956,carduelis
255,0.0128246663,Carduelis,2192.8852488687,carduelis
256,0.0154679017,Carduelis,2193.9823242983,carduelis
257,0.014708315,Carduelis,2211.8762011081,carduelis
258,0.0158329857,Carduelis,2217.44028404,carduelis
259,0.0068868074,Carduelis,2507.2982523815,carduelis
260,0.0040727942,Certhia,3332.6971922834,familiaris
261,0.0050868739,Certhia,3394.5462578263,familiaris
262,0.004100703,Certhia,3332.4476078703,familiaris
263,0.0030134564,Certhia,3588.0660807449,familiaris
264,0.0019448652,Certhia,3464.1599852831,familiaris
265,0.0017509741,Certhia,3451.1596806283,familiaris
266,0.0015206403,Certhia,3414.8687756673,familiaris
267,0.002514168,Certhia,3537.3852725519,familiaris
268,0.0009644285,Certhia,3268.1537899572,familiaris
269,0.0019915046,Certhia,3504.3724328312,familiaris
270,0.0023558173,Certhia,3509.9181536415,familiaris
271,0.0011158791,Certhia,3300.1416014943,familiaris
272,0.0009969362,Certhia,3358.4881247573,familiaris
273,0.0017990465,Certhia,3467.7500034298,familiaris
274,0.0011115562,Certhia,3369.1031545319,familiaris
275,0.0020304704,Certhia,3465.1382393002,familiaris
276,0.0019152121,Certhia,3449.7634745958,familiaris
277,0.0011461702,Certhia,3326.3804156994,familiaris
278,0.0014914496,Certhia,3355.2447587311,familiaris
279,0.0016438689,Certhia,3351.5551137195,familiaris
280,0.0517962093,Chloris,2374.8756300934,chloris
281,0.0524903764,Chloris,2377.1293977967,chloris
282,0.0624658668,Chloris,2363.4351893198,chloris
283,0.0654223672,Chloris,2377.9970391408,chloris
284,0.0586481659,Chloris,2377.4793155378,chloris
285,0.0459157765,Chloris,2367.4721601231,chloris
286,0.613998225,Chloris,2374.0794506236,chloris
287,0.6021418173,Chloris,2381.3358757272,chloris
288,0.357754272,Chloris,647.8731113506,chloris
289,0.5033761749,Chloris,629.8908744697,chloris
290,0.4994057187,Chloris,634.1477387987,chloris
291,0.5104343357,Chloris,633.2123483003,chloris
292,0.4728272111,Chloris,620.2681505839,chloris
293,0.4851285721,Chloris,623.5800977002,chloris
294,0.4734627375,Chloris,627.6554747848,chloris
295,0.4989837858,Chloris,625.5874778794,chloris
296,0.5356196093,Chloris,621.7607394223,chloris
297,0.4156968804,Chloris,620.8869519833,chloris
298,0.5357508413,Chloris,625.6772424879,chloris
299,0.6664592315,Chloris,627.1030672085,chloris
300,0.2148888734,Chroicocephalus,1411.4025004232,ridibundus
301,0.3201352072,Chroicocephalus,1415.5736582549,ridibundus
302,0.1947678435,Chroicocephalus,1434.9114425377,ridibundus
303,0.6110359875,Chroicocephalus,1421.809607557,ridibundus
304,0.5050294475,Chroicocephalus,1462.9064044908,ridibundus
305,0.5287628187,Chroicocephalus,1446.21775921,ridibundus
306,0.4932507991,Chroicocephalus,1460.2292899958,ridibundus
307,0.3116677647,Chroicocephalus,1459.4148070859,ridibundus
308,0.3992533721,Chroicocephalus,1468.5572524755,ridibundus
309,0.3833727207,Chroicocephalus,1463.935553685,ridibundus
310,0.2212439121,Chroicocephalus,1463.7381584501,ridibundus
311,0.4490479867,Chroicocephalus,1272.367410257,ridibundus
312,0.3826091124,Chroicocephalus,1299.3869066515,ridibundus
313,0.4076946916,Chroicocephalus,1275.0327613427,ridibundus
314,0.3731512795,Chroicocephalus,1305.9877850668,ridibundus
315,0.406342091,Chroicocephalus,1342.4447472566,ridibundus
316,0.385122603,Chroicocephalus,1319.1007601573,ridibundus
317,0.2689413326,Chroicocephalus,1284.2091852457,ridibundus
318,0.2931838998,Chroicocephalus,1269.3704099824,ridibundus
319,0.7381547247,Chroicocephalus,772.7328086458,ridibundus
320,0.0221211609,Coloeus,1484.0480100721,monedula
321,0.0251211825,Coloeus,1477.4273627147,monedula
322,0.0247582061,Coloeus,1524.3384019189,monedula
323,0.0283481962,Coloeus,1539.3921453481,monedula
324,0.0399577276,Coloeus,1505.9982236752,monedula
325,0.0181007663,Coloeus,1487.2651610269,monedula
326,1,Coloeus,2561.4317137388,monedula
327,1,Coloeus,2601.1110905242,monedula
328,1,Coloeus,2595.4227839299,monedula
329,1,Coloeus,2510.2133129974,monedula
330,1,Coloeus,2522.5487340422,monedula
331,1,Coloeus,2529.6963174966,monedula
332,1,Coloeus,2538.7443898035,monedula
333,1,Coloeus,2520.056483682,monedula
334,1,Coloeus,2571.6291597522,monedula
335,1,Coloeus,2538.7162978592,monedula
336,1,Coloeus,2544.7720601167,monedula
337,1,Coloeus,2519.3507367591,monedula
338,0.0080247522,Coloeus,1819.1176599703,monedula
339,0.0080261128,Coloeus,1841.6787395327,monedula
340,0.034252003,Columba,376.3258416778,livia
341,0.0272130157,Columba,377.6741837219,livia
342,0.0235739392,Columba,392.6028035122,livia
343,0.0119174648,Columba,395.7646595245,livia
344,0.0066949267,Columba,410.1366347596,livia
345,0.0030504663,Columba,407.4467556425,livia
346,0.002824523,Columba,406.2078733669,livia
347,0.0027609916,Columba,401.597358203,livia
348,0.0076551911,Columba,387.1975840809,livia
349,0.0088728126,Columba,388.2029366452,livia
350,0.022316121,Columba,376.0970410444,livia
351,0.0259595444,Columba,378.1365787437,livia
352,0.0330257426,Columba,371.9323957169,livia
353,0.0261445448,Columba,388.2744276335,livia
354,0.0156753563,Columba,393.4145479959,livia
355,0.0173237213,Columba,382.8719870484,livia
356,0.0105245764,Columba,383.1735404561,livia
357,0.0160130035,Columba,373.8148375001,livia
358,0.0188084022,Columba,370.0532246906,livia
359,0.0197518083,Columba,374.6324153221,livia
360,0.7075896252,Columba,1356.8513781462,oenas
361,0.6748936565,Columba,1356.2064302475,oenas
362,0.6124005901,Columba,1354.9791550289,oenas
363,0.5842703653,Columba,1354.2123565185,oenas
364,0.5528978903,Columba,1353.1752065454,oenas
365,0.5067860227,Columba,1349.4185014429,oenas
366,0.4497243199,Columba,1339.7788949493,oenas
367,0.4299913367,Columba,1335.911106027,oenas
368,0.3878970933,Columba,1316.0449225991,oenas
369,0.3762719476,Columba,1308.3890738758,oenas
370,0.4865486303,Columba,1310.084611991,oenas
371,0.4846689749,Columba,1311.5125846399,oenas
372,0.0012292174,Columba,2064.0055207156,oenas
373,0.0019561209,Columba,2057.1960355249,oenas
374,0.0021465516,Columba,2084.5683374677,oenas
375,0.0022217408,Columba,2105.0820146741,oenas
376,0.0025922846,Columba,2066.7951651116,oenas
377,0.0017091641,Columba,2054.4361875557,oenas
378,0.0024903481,Columba,2028.0446037133,oenas
379,0.0016689582,Columba,2069.8872626147,oenas
380,0.0099944847,Columba,961.6081776772,palumbus
381,0.0415462746,Columba,700.7617788163,palumbus
382,0.0422639344,Columba,696.94613578,palumbus
383,0.0380425965,Columba,743.3314825547,palumbus
384,0.0332687831,Columba,693.8737360602,palumbus
385,0.0411181562,Columba,727.7166650756,palumbus
386,0.0405249304,Columba,729.0264257508,palumbus
387,0.0237755458,Columba,744.9325702639,palumbus
388,0.031641276,Columba,724.4750684637,palumbus
389,0.0320012587,Columba,733.0095518219,palumbus
390,0.0343207749,Columba,759.4007116705,palumbus
391,0.0228808808,Columba,756.4301527538,palumbus
392,0.0259225466,Columba,744.9924215597,palumbus
393,0.0281929473,Columba,741.9419091702,palumbus
394,0.0322672296,Columba,719.7957953585,palumbus
395,0.0349877045,Columba,690.8949674634,palumbus
396,0.0352399951,Columba,558.6716779855,palumbus
397,0.0361773143,Columba,559.2470666265,palumbus
398,0.0366488361,Columba,565.776660508,palumbus
399,0.0319755413,Columba,554.0281154608,palumbus
400,0.1964977734,Corvus,1086.46818994,corax
401,0.7999485503,Corvus,1204.1128162197,corax
402,1,Corvus,1224.2739778185,corax
403,1,Corvus,1192.6661267629,corax
404,0.446415027,Corvus,784.1123634849,corax
405,0.3526138618,Corvus,776.972993077,corax
406,0.2699602672,Corvus,785.1645148161,corax
407,0.2695293194,Corvus,786.7948569646,corax
408,0.3032467143,Corvus,789.2562224546,corax
409,0.2970751235,Corvus,789.7952328068,corax
410,0.2895216304,Corvus,780.5198450785,corax
411,0.4496797674,Corvus,783.1951018574,corax
412,0.3842876354,Corvus,774.927346031,corax
413,0.2687438189,Corvus,793.0683367604,corax
414,0.2973047246,Corvus,774.6585288914,corax
415,0.3301025436,Corvus,780.2244262051,corax
416,0.3623316261,Corvus,771.5324481086,corax
417,0.3152791768,Corvus,777.1916875972,corax
418,0.5093173321,Corvus,801.145114808,corax
419,0.3513368619,Corvus,771.3041291289,corax
420,1,Corvus,332.9591934661,corone
421,1,Corvus,333.3105844221,corone
422,1,Corvus,330.3096416266,corone
423,1,Corvus,321.6156224411,corone
424,1,Corvus,326.706735671,corone
425,1,Corvus,311.6822211853,corone
426,0.2935972107,Corvus,1117.1616267744,corone
427,0.4316587995,Corvus,1118.6067007161,corone
428,0.400181362,Corvus,1115.2979836793,corone
429,0.3158217787,Corvus,1114.0532412265,corone
430,0.1663825391,Corvus,1121.9980290737,corone
431,0.4664401821,Corvus,1123.3535095779,corone
432,0.229962825,Corvus,1119.6396768924,corone
433,0.0045429136,Corvus,1309.5199174551,corone
434,0.0042911913,Corvus,1340.8963356004,corone
435,0.0040739826,Corvus,1328.1828552618,corone
436,0.0024652155,Corvus,1395.8703795217,corone
437,0.0034842211,Corvus,1309.4414492067,corone
438,0.0087812398,Corvus,1330.2673523863,corone
439,0.0065361714,Corvus,1295.950730134,corone
440,0.0070190795,Corvus,1349.646133045,frugilegus
441,0.2076209586,Corvus,1326.0043780107,frugilegus
442,0.2128394098,Corvus,1349.718469661,frugilegus
443,0.1659668365,Corvus,1340.7394887004,frugilegus
444,0.1870728863,Corvus,1324.7708368969,frugilegus
445,0.1579214595,Corvus,1326.9569813605,frugilegus
446,0.1074940592,Corvus,1315.2538929814,frugilegus
447,0.1270827648,Corvus,1346.9982925811,frugilegus
448,0.1460814451,Corvus,1330.5319639144,frugilegus
449,0.1527439084,Corvus,1375.8427945983,frugilegus
450,0.1715763296,Corvus,1333.8407927932,frugilegus
451,0.0661577674,Corvus,1323.6562090938,frugilegus
452,0.1808906313,Corvus,1324.6213162933,frugilegus
453,0.1346593587,Corvus,1341.6345485327,frugilegus
454,0.0989040086,Corvus,1150.3491371841,frugilegus
455,0.1003047367,Corvus,1156.0446175906,frugilegus
456,0.1255948606,Corvus,1151.0072524865,frugilegus
457,0.1296162373,Corvus,1147.6636224723,frugilegus
458,0.1390907452,Corvus,1135.7081801638,frugilegus
459,0.1471400853,Corvus,1163.1416419081,frugilegus
460,0.0024566933,Cuculus,844.4474227093,canorus
461,0.0061775667,Cuculus,459.0088428737,canorus
462,0.0069399655,Cuculus,459.8306448589,canorus
463,0.0087772949,Cuculus,459.446927761,canorus
464,0.0090780802,Cuculus,458.6751272133,canorus
465,0.0046234348,Cuculus,442.3301045481,canorus
466,0.0020959208,Cuculus,430.6985450248,canorus
467,0.0014749945,Cuculus,424.0189846999,canorus
468,8.01821659724125E-05,Cuculus,408.5120999248,canorus
469,0.0001763276,Cuculus,415.3347614448,canorus
470,0.0003912735,Cuculus,420.3546859778,canorus
471,0.0007246247,Cuculus,425.9787980632,canorus
472,0.0023568104,Cuculus,445.0599821501,canorus
473,0.0031919188,Cuculus,485.7884051263,canorus
474,0.0026535264,Cuculus,487.3077464313,canorus
475,0.0023994246,Cuculus,483.6769887346,canorus
476,0.0009525834,Cuculus,480.4961821525,canorus
477,0.0007016381,Cuculus,480.3248669383,canorus
478,0.0003483567,Cuculus,490.0448753052,canorus
479,0.0007258877,Cuculus,494.9115797811,canorus
480,1,Cyanistes,4293.6111482523,caeruleus
481,1,Cyanistes,4312.7888177003,caeruleus
482,1,Cyanistes,4304.2333068796,caeruleus
483,1,Cyanistes,4306.8322553502,caeruleus
484,1,Cyanistes,4304.764075735,caeruleus
485,1,Cyanistes,4309.3962164918,caeruleus
486,1,Cyanistes,4318.7191761351,caeruleus
487,1,Cyanistes,4305.0180608616,caeruleus
488,1,Cyanistes,4316.7074393603,caeruleus
489,1,Cyanistes,4314.1252966109,caeruleus
490,1,Cyanistes,4325.9119949555,caeruleus
491,1,Cyanistes,4330.7218681398,caeruleus
492,1,Cyanistes,4323.7274744883,caeruleus
493,1,Cyanistes,4323.3569602731,caeruleus
494,1,Cyanistes,4324.415208864,caeruleus
495,1,Cyanistes,4331.4856867821,caeruleus
496,1,Cyanistes,4334.5666437888,caeruleus
497,1,Cyanistes,4338.4073055779,caeruleus
498,0.7044868024,Cyanistes,353.6613980635,caeruleus
499,0.7058334968,Cyanistes,353.3914081646,caeruleus
500,0.0052092664,Delichon,3151.3462850246,urbicum
501,0.0056076853,Delichon,3102.9315892355,urbicum
502,0.0054586063,Delichon,3089.9814277258,urbicum
503,0.0048797678,Delichon,3188.3270555175,urbicum
504,0.0052522067,Delichon,3081.3928912316,urbicum
505,0.002886077,Delichon,3114.973812043,urbicum
506,0.0055398378,Delichon,3142.4992277255,urbicum
507,0.0043004701,Delichon,3083.0883738446,urbicum
508,0.0051749849,Delichon,3129.5320402972,urbicum
509,0.0054777694,Delichon,3195.4336275015,urbicum
510,0.0644038893,Delichon,2126.5802371795,urbicum
511,0.0628191859,Delichon,2150.3171074094,urbicum
512,0.0589474793,Delichon,2161.1662429743,urbicum
513,0.0611796343,Delichon,2175.1480241194,urbicum
514,0.0519268866,Delichon,2164.279004218,urbicum
515,0.0686637682,Delichon,2159.4608901002,urbicum
516,0.001669657,Delichon,2515.4809723553,urbicum
517,0.0029148,Delichon,2647.5480829125,urbicum
518,0.0020403317,Delichon,2537.1910965887,urbicum
519,0.0046003406,Delichon,2656.4013058673,urbicum
520,0.3892370576,Dendrocopos,1869.0949695921,major
521,0.4021642647,Dendrocopos,1906.7766488087,major
522,0.3432309084,Dendrocopos,1888.5066618034,major
523,1,Dendrocopos,782.2337099202,major
524,1,Dendrocopos,782.1687936233,major
525,1,Dendrocopos,782.073772574,major
526,1,Dendrocopos,782.5908302716,major
527,1,Dendrocopos,782.7869979615,major
528,1,Dendrocopos,782.8668463784,major
529,1,Dendrocopos,782.3567204694,major
530,1,Dendrocopos,781.8573836867,major
531,1,Dendrocopos,782.3786063401,major
532,1,Dendrocopos,782.2586424976,major
533,0.0055006799,Dendrocopos,3944.7611905418,major
534,0.0054581544,Dendrocopos,3946.0887348509,major
535,0.0053700375,Dendrocopos,3937.8510812949,major
536,0.0053471745,Dendrocopos,3942.284137374,major
537,0.0053277917,Dendrocopos,3945.0908252458,major
538,0.0052457602,Dendrocopos,3951.176128368,major
539,0.0052550269,Dendrocopos,3949.1189067969,major
540,0.0009448351,Dryocopus,1029.1373343367,martius
541,0.8571743681,Dryocopus,1080.7368653207,martius
542,0.8579105412,Dryocopus,1097.1217736942,martius
543,0.8589869614,Dryocopus,1103.3625748971,martius
544,0.8600837175,Dryocopus,1105.6571471658,martius
545,0.8617750128,Dryocopus,1107.3993076788,martius
546,0.8672985004,Dryocopus,1111.7876772688,martius
547,0.0013975215,Dryocopus,1434.1230155913,martius
548,0.0012304271,Dryocopus,1466.9368905474,martius
549,0.0024952466,Dryocopus,1396.1210307674,martius
550,0.0027776022,Dryocopus,1379.443019939,martius
551,0.0019221677,Dryocopus,1399.8032873035,martius
552,0.0015287647,Dryocopus,1396.4890949214,martius
553,0.0011992804,Dryocopus,1426.1287997989,martius
554,0.0027683297,Dryocopus,1395.6575784168,martius
555,0.0032152654,Dryocopus,1385.4049145902,martius
556,0.003169845,Dryocopus,1383.2252665139,martius
557,0.0029344019,Dryocopus,1386.3846412959,martius
558,0.0021259088,Dryocopus,1398.3668378536,martius
559,0.0020522377,Dryocopus,1409.9155177946,martius
560,0.2460348704,Emberiza,2483.7371459287,calandra
561,0.2518683154,Emberiza,2499.4540075484,calandra
562,0.6179706022,Emberiza,2775.7394086235,calandra
563,0.6206123623,Emberiza,2771.3780344215,calandra
564,0.6208868634,Emberiza,2771.3751193868,calandra
565,0.6212520464,Emberiza,2769.6001275631,calandra
566,0.6215089977,Emberiza,2768.3741212367,calandra
567,0.6219773457,Emberiza,2765.9332296505,calandra
568,0.6223649019,Emberiza,2764.0673649338,calandra
569,0.622473307,Emberiza,2761.6467722924,calandra
570,0.6226973762,Emberiza,2760.0105433402,calandra
571,0.6235072729,Emberiza,2760.9536683018,calandra
572,0.6241541862,Emberiza,2750.2769277937,calandra
573,0.623990371,Emberiza,2741.7089072779,calandra
574,0.6245717983,Emberiza,2739.3149548065,calandra
575,0.6238907987,Emberiza,2734.9514380184,calandra
576,0.6218368256,Emberiza,2727.5681296492,calandra
577,0.3396628096,Emberiza,2593.7842281309,calandra
578,0.3027079565,Emberiza,2536.9711307378,calandra
579,0.2737114288,Emberiza,2584.1165083281,calandra
580,0.0009519247,Emberiza,2777.2364896421,citrinella
581,0.0010685436,Emberiza,2760.3758915594,citrinella
582,0.0009187075,Emberiza,2772.6018724198,citrinella
583,0.0013463263,Emberiza,2757.2430396501,citrinella
584,0.0009858296,Emberiza,2766.6961848419,citrinella
585,0.1750907877,Emberiza,2420.1964646963,citrinella
586,0.1720133705,Emberiza,2387.5014372882,citrinella
587,0.1762467697,Emberiza,2459.7892923991,citrinella
588,0.1780123924,Emberiza,2410.6017649854,citrinella
589,0.1758605912,Emberiza,2382.9638247678,citrinella
590,0.1819678489,Emberiza,2394.2990088821,citrinella
591,0.2012329339,Emberiza,2449.7727150818,citrinella
592,0.1924533376,Emberiza,2451.2458282682,citrinella
593,0.1880919062,Emberiza,2405.6894146148,citrinella
594,0.1735771221,Emberiza,2382.1570528543,citrinella
595,0.1814616793,Emberiza,2380.8169771322,citrinella
596,0.1738572828,Emberiza,2412.2146145842,citrinella
597,0.1708035884,Emberiza,2404.3273960868,citrinella
598,0.1704649815,Emberiza,2375.097758853,citrinella
599,0.0010591143,Emberiza,2545.1672764788,citrinella
600,0.0101040231,Emberiza,3015.5585002471,schoeniclus
601,0.0100397976,Emberiza,3010.4721658844,schoeniclus
602,9.64296191660135E-05,Emberiza,2641.1849175884,schoeniclus
603,7.81595294020286E-05,Emberiza,2639.4823378252,schoeniclus
604,1.6036627351701E-05,Emberiza,2609.8510019181,schoeniclus
605,0.000404401,Emberiza,2697.0808966317,schoeniclus
606,0.0006136829,Emberiza,2705.8787288497,schoeniclus
607,0.0003830288,Emberiza,2691.0671947047,schoeniclus
608,0.0005768063,Emberiza,2703.1811402828,schoeniclus
609,0.8548295085,Emberiza,2213.938042887,schoeniclus
610,0.8293547037,Emberiza,2192.6930045415,schoeniclus
611,0.8573054526,Emberiza,2225.6933189735,schoeniclus
612,0.8497840777,Emberiza,2231.1858692862,schoeniclus
613,0.8060144505,Emberiza,2245.1962365768,schoeniclus
614,0.8312186779,Emberiza,2235.861545106,schoeniclus
615,0.8368273204,Emberiza,2206.5091929507,schoeniclus
616,0.8214250006,Emberiza,2202.1766992136,schoeniclus
617,0.8036639679,Emberiza,2245.47174715,schoeniclus
618,0.7965262565,Emberiza,2260.7839928286,schoeniclus
619,0.8102513496,Emberiza,2225.3015079012,schoeniclus
620,1,Erithacus,2058.7672586825,rubecula
621,1,Erithacus,2058.3457218859,rubecula
622,1,Erithacus,2075.1402365958,rubecula
623,0.2607473803,Erithacus,2103.7015218117,rubecula
624,0.3025524722,Erithacus,2101.0594811172,rubecula
625,0.2843941835,Erithacus,2157.4389810133,rubecula
626,0.3175358442,Erithacus,2129.6693571114,rubecula
627,0.3437630047,Erithacus,2104.6958788769,rubecula
628,0.3193712224,Erithacus,2136.6390844766,rubecula
629,0.3184469695,Erithacus,2107.3040421304,rubecula
630,0.3415017064,Erithacus,2124.0176397177,rubecula
631,0.3507770895,Erithacus,2165.6856778615,rubecula
632,0.3642271805,Erithacus,2128.138738789,rubecula
633,0.3579429799,Erithacus,2152.8462020869,rubecula
634,0.3936672227,Erithacus,2128.0318148839,rubecula
635,0.1563621476,Erithacus,1900.4416297101,rubecula
636,0.1611752038,Erithacus,1878.2962403284,rubecula
637,0.1733000773,Erithacus,1912.0438658365,rubecula
638,0.0463784627,Erithacus,1891.4884349846,rubecula
639,0.1776592649,Erithacus,1875.6913837033,rubecula
640,0.0347899714,Fringilla,2549.8479369797,coelebs
641,0.0365075839,Fringilla,2564.7496360685,coelebs
642,0.0249137738,Fringilla,2538.1739393694,coelebs
643,0.0397452894,Fringilla,2565.4097824173,coelebs
644,0.0232697236,Fringilla,2516.7489345953,coelebs
645,0.0390007499,Fringilla,2493.0600096002,coelebs
646,0.042677248,Fringilla,2532.5898958191,coelebs
647,0.0318075809,Fringilla,2505.5658443197,coelebs
648,0.0283031891,Fringilla,2487.7314593121,coelebs
649,0.0241177608,Fringilla,2513.2114422981,coelebs
650,0.0475652866,Fringilla,2568.6167925385,coelebs
651,0.0502488131,Fringilla,2556.1058485666,coelebs
652,0.0453415996,Fringilla,2471.6941005344,coelebs
653,0.0224522634,Fringilla,2549.9743737107,coelebs
654,0.0258367264,Fringilla,2586.6874035032,coelebs
655,0.0253391566,Fringilla,2583.0490911792,coelebs
656,0.0337698844,Fringilla,2572.7492408655,coelebs
657,1,Fringilla,2935.590388996,coelebs
658,0.8901831246,Fringilla,2953.1777919351,coelebs
659,1,Fringilla,2917.4284492323,coelebs
660,1,Fulica,1679.0685996514,atra
661,0.234928811,Fulica,1636.8445876904,atra
662,0.2628297618,Fulica,1656.9018445062,atra
663,1,Fulica,1682.3533583612,atra
664,1,Fulica,1676.391046096,atra
665,1,Fulica,1665.4696011648,atra
666,0.2035410001,Fulica,1685.8716670369,atra
667,0.2488698658,Fulica,1664.4251642329,atra
668,0.1906397605,Fulica,1648.1508433552,atra
669,0.1247081869,Fulica,2131.8243346711,atra
670,0.1245900096,Fulica,2134.3520286389,atra
671,0.124370996,Fulica,2121.3840812329,atra
672,0.1244925983,Fulica,2118.629399791,atra
673,0.1248718687,Fulica,2123.5987283058,atra
674,0.1254094421,Fulica,2129.7368726751,atra
675,0.0082044772,Fulica,1220.4881231863,atra
676,0.0056915558,Fulica,1249.9698621637,atra
677,0.0054888098,Fulica,1254.3010904084,atra
678,0.0013276317,Fulica,1328.8341660969,atra
679,0.0013095487,Fulica,1316.4805105455,atra
680,0.010649217,Gallinago,1438.2204070912,gallinago
681,0.0050306089,Gallinago,1456.3379855636,gallinago
682,0.005007573,Gallinago,1414.6284055495,gallinago
683,0.0077228119,Gallinago,1507.2994471652,gallinago
684,0.0069901599,Gallinago,1454.6903636886,gallinago
685,0.0059122855,Gallinago,1414.0650018348,gallinago
686,0.0103684796,Gallinago,1520.3595201956,gallinago
687,0.0056853579,Gallinago,1540.4163174796,gallinago
688,0.0057401106,Gallinago,1420.0962644786,gallinago
689,0.0047790555,Gallinago,1459.7745330779,gallinago
690,0.0043510601,Gallinago,1422.7136162407,gallinago
691,0.0991839074,Gallinago,2899.3579875048,gallinago
692,0.1093254461,Gallinago,2885.2332109694,gallinago
693,0.100793761,Gallinago,2881.7577449769,gallinago
694,0.1403120793,Gallinago,2903.3852309148,gallinago
695,0.1092068559,Gallinago,2891.0053683356,gallinago
696,0.1733851723,Gallinago,2880.4159565695,gallinago
697,0.108861773,Gallinago,2874.7469037447,gallinago
698,0.1117899385,Gallinago,2877.6727683156,gallinago
699,0.1165863946,Gallinago,2875.5478360741,gallinago
700,0.4078775662,Gallinula,929.4249796654,chloropus
701,0.57646953,Gallinula,929.1355686214,chloropus
702,0.5774942476,Gallinula,931.0171360274,chloropus
703,0.5781195592,Gallinula,932.3585116815,chloropus
704,0.5818869427,Gallinula,935.0053812436,chloropus
705,0.5823076973,Gallinula,934.5841207746,chloropus
706,0.584897544,Gallinula,933.5810194885,chloropus
707,0.5854942945,Gallinula,932.1877356149,chloropus
708,0.6109781945,Gallinula,933.3245483919,chloropus
709,0.5874516,Gallinula,935.9613867917,chloropus
710,1,Gallinula,1335.9036305064,chloropus
711,1,Gallinula,1337.2308243364,chloropus
712,1,Gallinula,1338.9174270062,chloropus
713,1,Gallinula,1346.330700836,chloropus
714,1,Gallinula,1348.249616959,chloropus
715,0.7845773789,Gallinula,1346.4134593952,chloropus
716,1,Gallinula,1330.9579853739,chloropus
717,0.7541348459,Gallinula,1338.4108221872,chloropus
718,0.6988042237,Gallinula,1321.4687446542,chloropus
719,0.8225106619,Gallinula,1317.9050924616,chloropus
720,0.7677586736,Garrulus,1574.7710852418,glandarius
721,0.2923713618,Garrulus,1578.7864205132,glandarius
722,0.2386408591,Garrulus,1604.1351065637,glandarius
723,0.2254569942,Garrulus,1574.2407420141,glandarius
724,0.0396926742,Garrulus,1348.8462605826,glandarius
725,0.0394250772,Garrulus,1368.8030624097,glandarius
726,0.0403800036,Garrulus,1332.4375323918,glandarius
727,0.0173384565,Garrulus,2157.2945800719,glandarius
728,0.0368846622,Garrulus,2149.7472006707,glandarius
729,0.0276207537,Garrulus,2147.0873755881,glandarius
730,0.0234895735,Garrulus,2148.4691784347,glandarius
731,0.0108050643,Garrulus,2147.1159101414,glandarius
732,0.0183091644,Garrulus,2149.7134252258,glandarius
733,0.0171005847,Garrulus,2151.04420925,glandarius
734,0.0189945446,Garrulus,2131.6465962491,glandarius
735,0.0220425829,Garrulus,2143.2139206216,glandarius
736,0.025584795,Garrulus,2146.1328349959,glandarius
737,0.0255058049,Garrulus,2125.7831492273,glandarius
738,0.0091534978,Garrulus,2123.1028123897,glandarius
739,0.0240878888,Garrulus,2112.3651927017,glandarius
740,0.0048345085,Gavia,1308.6658890785,stellata
741,0.0082252688,Gavia,1318.8679146412,stellata
742,0.0049061934,Gavia,1298.8440329969,stellata
743,0.0049415025,Gavia,1309.6118674278,stellata
744,0.0098927119,Gavia,1308.2154337727,stellata
745,0.0048878413,Gavia,1364.8261341722,stellata
746,0.0059987491,Gavia,1368.8233025721,stellata
747,0.0049325426,Gavia,1295.9077560942,stellata
748,0.0048402612,Gavia,1316.1428304749,stellata
749,0.0049096806,Gavia,1317.3821519655,stellata
750,0.0020949831,Gavia,1061.3488555556,stellata
751,0.0016564332,Gavia,1046.9400822871,stellata
752,0.0018080263,Gavia,1052.7390480018,stellata
753,0.0004940396,Gavia,976.1763156534,stellata
754,0.0017028842,Gavia,1004.3737881586,stellata
755,1,Gavia,1128.6621204946,stellata
756,1,Gavia,1058.7026687314,stellata
757,1,Gavia,1060.6693763533,stellata
758,1,Gavia,1082.3018597179,stellata
759,1,Gavia,1064.520227277,stellata
760,0.3838996338,Haematopus,1358.5413465693,ostralegus
761,0.379088543,Haematopus,1357.8549817305,ostralegus
762,0.3279129254,Haematopus,1386.7209172673,ostralegus
763,0.3055726023,Haematopus,1393.4934723037,ostralegus
764,0.2181517618,Haematopus,1443.3952648885,ostralegus
765,0.2164228745,Haematopus,1440.5907148548,ostralegus
766,0.0164908178,Haematopus,2212.2399546298,ostralegus
767,0.0181172659,Haematopus,2217.4742986148,ostralegus
768,0.0197112612,Haematopus,2197.6911526442,ostralegus
769,0.0186381931,Haematopus,2202.3201271667,ostralegus
770,0.0004370435,Haematopus,1632.4541712367,ostralegus
771,0.0011638436,Haematopus,1615.2910528851,ostralegus
772,0.0003616114,Haematopus,1665.8402185076,ostralegus
773,0.0010635527,Haematopus,1663.8367822974,ostralegus
774,0.0007482856,Haematopus,1720.5781630612,ostralegus
775,0.0006333218,Haematopus,1710.2333503716,ostralegus
776,9.34214841716134E-05,Haematopus,1684.6278506943,ostralegus
777,0.0008949008,Haematopus,1640.3329411251,ostralegus
778,0.000120953,Haematopus,1700.032762483,ostralegus
779,0.0001639566,Haematopus,1662.4043420597,ostralegus
780,0.2263473759,Hirundo,2705.6760235758,rustica
781,0.1555574739,Hirundo,2771.3584518971,rustica
782,0.0454476432,Hirundo,2741.5712141713,rustica
783,0.0243238391,Hirundo,2236.4098656532,rustica
784,0.0257661861,Hirundo,2259.9329074811,rustica
785,0.0264817811,Hirundo,2226.4520585284,rustica
786,0.0245869795,Hirundo,2262.9976048176,rustica
787,0.0411279925,Hirundo,2261.4464528442,rustica
788,0.0292261303,Hirundo,2218.3613933153,rustica
789,0.0428115763,Hirundo,2246.9977278564,rustica
790,0.0422883193,Hirundo,2252.9900330042,rustica
791,0.0376096601,Hirundo,2236.6873854729,rustica
792,0.031443789,Hirundo,2263.2550012633,rustica
793,0.0339147936,Hirundo,2253.6363874421,rustica
794,0.0267544741,Hirundo,2262.0619269656,rustica
795,1,Hirundo,2226.5449283771,rustica
796,0.6964844592,Hirundo,2213.9494504703,rustica
797,1,Hirundo,2220.5830384075,rustica
798,0.7171718094,Hirundo,2228.1587859021,rustica
799,1,Hirundo,2240.6453441368,rustica
800,0.0011165037,Jynx,1746.0101257968,torquilla
801,0.0127380934,Jynx,2200.4347818091,torquilla
802,0.0107192615,Jynx,2199.8307254021,torquilla
803,0.0137453715,Jynx,2176.9277278252,torquilla
804,0.0106218129,Jynx,2188.3166892063,torquilla
805,0.0117704434,Jynx,2181.5407615907,torquilla
806,0.0087356294,Jynx,2177.0382728971,torquilla
807,0.0097457911,Jynx,2151.1486412989,torquilla
808,0.0019788055,Jynx,2084.4284540692,torquilla
809,0.002211583,Jynx,2056.0977349491,torquilla
810,0.0013327474,Jynx,2100.3826607688,torquilla
811,0.0014898408,Jynx,2098.2998628412,torquilla
812,0.0021824295,Jynx,2074.6251234662,torquilla
813,0.0024543602,Jynx,2076.9986270334,torquilla
814,0.0033654028,Jynx,2045.5520750265,torquilla
815,0.0025471106,Jynx,2044.7003797287,torquilla
816,0.0034822715,Jynx,2073.5158051274,torquilla
817,0.0014098539,Jynx,2173.6880846812,torquilla
818,0.0024082514,Jynx,2033.064466979,torquilla
819,0.0025493212,Jynx,2046.3211748211,torquilla
820,0.5311432576,Lagopus,1246.7376688448,lagopus
821,0.3171519853,Lagopus,1272.7427791116,lagopus
822,0.4199494236,Lagopus,1270.2340954577,lagopus
823,0.4342242574,Lagopus,1267.3927094967,lagopus
824,0.4240174703,Lagopus,1257.406820215,lagopus
825,0.4151579297,Lagopus,1257.2883494195,lagopus
826,0.4002022784,Lagopus,1264.93735388,lagopus
827,0.3619783005,Lagopus,1257.1680121606,lagopus
828,0.4901274385,Lagopus,1258.7670065181,lagopus
829,0.5369339274,Lagopus,1259.1029593224,lagopus
830,0.5150651489,Lagopus,1258.8541362043,lagopus
831,0.4977259301,Lagopus,1257.7756091339,lagopus
832,0.4745670364,Lagopus,1256.8973764334,lagopus
833,0.1448234038,Lagopus,936.507842379,lagopus
834,0.167391947,Lagopus,940.4853532439,lagopus
835,0.1905173887,Lagopus,950.7812657395,lagopus
836,0.1727049379,Lagopus,946.2874398031,lagopus
837,0.1791573019,Lagopus,930.6800362515,lagopus
838,0.2276081154,Lagopus,941.0349698205,lagopus
839,1,Lagopus,1249.8396897499,lagopus
840,0.0297682505,Larus,1163.6175011968,argentatus
841,0.0172347105,Larus,1152.7859849611,argentatus
842,0.0363693431,Larus,1177.4579913072,argentatus
843,0.0242581003,Larus,1172.4119412801,argentatus
844,0.0211774924,Larus,1156.6589905868,argentatus
845,0.0204653717,Larus,1150.749664147,argentatus
846,0.013388942,Larus,1168.1181373781,argentatus
847,0.0281278084,Larus,1175.4766079461,argentatus
848,0.0138135945,Larus,1190.3299357883,argentatus
849,0.0365534918,Larus,1192.4181612237,argentatus
850,0.0088583493,Larus,957.1179519113,argentatus
851,0.0069362456,Larus,987.6778595994,argentatus
852,0.0098733308,Larus,956.4752886243,argentatus
853,0.0092391794,Larus,954.6459502879,argentatus
854,0.0033344521,Larus,1282.5462983876,argentatus
855,0.0037741873,Larus,1152.7903665442,argentatus
856,0.0032108107,Larus,1150.9427205018,argentatus
857,0.0024507584,Larus,1321.4487990171,argentatus
858,0.0037544831,Larus,1108.7475489846,argentatus
859,0.0037735546,Larus,1101.1671735759,argentatus
860,0.2181610542,Linaria,2192.38959668,cannabina
861,0.2202981653,Linaria,2185.0734498594,cannabina
862,0.3912415864,Linaria,2203.898693062,cannabina
863,0.2895045753,Linaria,2200.5579419974,cannabina
864,0.6282100552,Linaria,2614.6484400742,cannabina
865,0.6794131411,Linaria,2608.6865938356,cannabina
866,0.667583214,Linaria,2621.3629993329,cannabina
867,0.6779494366,Linaria,2603.0891275754,cannabina
868,0.6866379879,Linaria,2616.4888281926,cannabina
869,0.6814893935,Linaria,2616.184463084,cannabina
870,0.7239622268,Linaria,2614.7606365749,cannabina
871,0.6932224248,Linaria,2618.6871258683,cannabina
872,0.7134118264,Linaria,2596.2362968348,cannabina
873,0.6477754253,Linaria,2593.9358959114,cannabina
874,0.6858336693,Linaria,2603.8499742873,cannabina
875,0.6965101492,Linaria,2605.137698691,cannabina
876,0.7291425191,Linaria,2602.1845073456,cannabina
877,0.0006351855,Linaria,2420.1624326279,cannabina
878,0.0010683454,Linaria,2496.1887778477,cannabina
879,0.0013851545,Linaria,2499.3828850635,cannabina
880,0.0084545133,Locustella,3354.3882026286,fluviatilis
881,0.009878102,Locustella,3353.8959506282,fluviatilis
882,0.5727812039,Locustella,660.4686284338,fluviatilis
883,0.5709165241,Locustella,666.5983945089,fluviatilis
884,0.5705857209,Locustella,664.9980372235,fluviatilis
885,0.5622798874,Locustella,695.413465272,fluviatilis
886,0.5579956666,Locustella,729.8987385422,fluviatilis
887,0.55517717,Locustella,733.6540790444,fluviatilis
888,0.55161703,Locustella,754.8134488065,fluviatilis
889,0.0117053897,Locustella,3394.0074595242,fluviatilis
890,0.0109505631,Locustella,3400.059157627,fluviatilis
891,0.01109913,Locustella,3389.0887960244,fluviatilis
892,0.0111235048,Locustella,3385.3353847582,fluviatilis
893,0.0110692973,Locustella,3379.1309996604,fluviatilis
894,0.0109146807,Locustella,3373.0897393785,fluviatilis
895,0.0105982635,Locustella,3364.8690039702,fluviatilis
896,0.0103055713,Locustella,3363.3838888436,fluviatilis
897,0.0101905055,Locustella,3361.9692239653,fluviatilis
898,0.009110426,Locustella,3355.2918084242,fluviatilis
899,0.0083659058,Locustella,3354.0920925496,fluviatilis
900,1,Loxia,2180.3800008945,curvirostra
901,1,Loxia,2158.4343564975,curvirostra
902,1,Loxia,2177.6102650346,curvirostra
903,1,Loxia,2171.3127470113,curvirostra
904,0.2852367514,Loxia,2463.1528975464,curvirostra
905,0.0016093955,Loxia,1702.7390715358,curvirostra
906,0.0017381761,Loxia,1706.3420533745,curvirostra
907,0.001554272,Loxia,1712.665423629,curvirostra
908,0.0020518811,Loxia,1707.4418271374,curvirostra
909,0.0020624529,Loxia,1738.7716228605,curvirostra
910,0.0018498987,Loxia,1725.4321427926,curvirostra
911,0.0018380254,Loxia,1721.5938159834,curvirostra
912,0.0017686759,Loxia,1715.8402424768,curvirostra
913,0.0014917269,Loxia,1704.7424561591,curvirostra
914,0.0023277886,Loxia,1738.4170969571,curvirostra
915,0.0021822128,Loxia,1719.5941106674,curvirostra
916,0.0029476764,Loxia,1729.423526912,curvirostra
917,0.0018917243,Loxia,1734.2209877275,curvirostra
918,0.001802854,Loxia,1711.7083714809,curvirostra
919,0.0017608761,Loxia,1714.4578017439,curvirostra
920,0.0027834266,Luscinia,1685.0193267884,megarhynchos
921,0.0065516241,Luscinia,1769.3075188282,megarhynchos
922,0.0012712263,Luscinia,1681.6675874213,megarhynchos
923,0.0279324842,Luscinia,1759.6918752888,megarhynchos
924,0.0348225856,Luscinia,1667.3509022569,megarhynchos
925,0.0364902274,Luscinia,1700.8319745099,megarhynchos
926,0.034549179,Luscinia,1754.9501051321,megarhynchos
927,0.0203237284,Luscinia,1643.3777582958,megarhynchos
928,0.0221403714,Luscinia,1679.2043494263,megarhynchos
929,0.024406332,Luscinia,1707.4394036582,megarhynchos
930,0.4800692901,Luscinia,2387.8573637471,megarhynchos
931,0.4818138046,Luscinia,2384.2722457245,megarhynchos
932,0.4839636506,Luscinia,2376.2711552835,megarhynchos
933,0.8868126254,Luscinia,2391.5187537248,megarhynchos
934,0.9471896327,Luscinia,2379.1571034444,megarhynchos
935,0.9251412278,Luscinia,2391.6172047898,megarhynchos
936,0.9252861901,Luscinia,2400.9350531636,megarhynchos
937,0.9298512285,Luscinia,2394.7016678426,megarhynchos
938,0.7424286354,Luscinia,2385.2364128329,megarhynchos
939,0.5811107159,Luscinia,2388.5641998553,megarhynchos
940,0.3790531338,Merops,1367.1866712464,apiaster
941,0.4375593137,Merops,1367.7911640171,apiaster
942,0.4558840191,Merops,1391.5975953797,apiaster
943,0.4976482446,Merops,1397.4232912017,apiaster
944,0.4951338936,Merops,1392.047526328,apiaster
945,0.6835463763,Merops,1494.6724373418,apiaster
946,0.8051197812,Merops,1496.8952200552,apiaster
947,0.7596146578,Merops,1482.211678389,apiaster
948,0.7605407846,Merops,1476.176089542,apiaster
949,0.7150095898,Merops,1478.5364441657,apiaster
950,0.697433566,Merops,1495.1747159759,apiaster
951,0.7166882694,Merops,1492.9657595082,apiaster
952,0.7311743672,Merops,1482.0557462247,apiaster
953,0.6125450827,Merops,1488.9808504109,apiaster
954,0.5899029734,Merops,1486.7022624938,apiaster
955,0.5712256125,Merops,1426.957379615,apiaster
956,0.9520730627,Merops,1386.1243359235,apiaster
957,0.9488687874,Merops,1393.8684768416,apiaster
958,0.6060233597,Merops,1375.1782370926,apiaster
959,0.9292026194,Merops,1380.8947353219,apiaster
960,1,Motacilla,1668.0883640716,aguimp
961,1,Motacilla,1671.5602183138,aguimp
962,1,Motacilla,1673.3509011649,aguimp
963,0.9974835759,Motacilla,1678.7215724684,aguimp
964,0.9902478433,Motacilla,1680.4028790687,aguimp
965,1,Motacilla,1681.5510990237,aguimp
966,1,Motacilla,1686.2738963344,aguimp
967,1,Motacilla,1687.0903456275,aguimp
968,1,Motacilla,1688.5282976375,aguimp
969,0.9828652079,Motacilla,1690.6670157594,aguimp
970,0.967609596,Motacilla,1691.9560634488,aguimp
971,0.9726226967,Motacilla,1694.1423866274,aguimp
972,0.9402870831,Motacilla,1695.4260641999,aguimp
973,0.930299084,Motacilla,1699.7891084334,aguimp
974,0.9226753593,Motacilla,1700.0785584353,aguimp
975,0.9166340235,Motacilla,1699.1181241702,aguimp
976,0.0144481262,Motacilla,2497.9546941184,aguimp
977,0.0145780274,Motacilla,2499.5119883785,aguimp
978,0.0155688386,Motacilla,2499.9868336232,aguimp
979,0.5607844931,Motacilla,2124.0781371927,aguimp
980,0.0013387975,Motacilla,2924.9145239241,flava
981,0.0013069176,Motacilla,2936.6512176422,flava
982,0.0027990731,Motacilla,2915.3384434866,flava
983,0.0004217196,Motacilla,3098.3638593108,flava
984,0.0017286514,Motacilla,3104.9594831332,flava
985,0.0014765413,Motacilla,3117.7520044415,flava
986,0.0001346212,Motacilla,3108.5506402276,flava
987,0.000568281,Motacilla,3112.2500970081,flava
988,0.0017946318,Motacilla,3111.9151962687,flava
989,0.0012670389,Motacilla,3107.844665953,flava
990,6.17142838710083E-05,Motacilla,3103.4953281755,flava
991,0.0007432397,Motacilla,3100.2484140258,flava
992,0.0019008538,Motacilla,3110.9943309987,flava
993,0.0044677745,Motacilla,2755.9794820247,flava
994,0.0048355213,Motacilla,2756.1326634739,flava
995,0.0037384601,Motacilla,2740.591922967,flava
996,0.0031988226,Motacilla,2643.2769855505,flava
997,0.0041657331,Motacilla,2730.2448645629,flava
998,0.0049475214,Motacilla,2785.1732287481,flava
999,0.0040140277,Motacilla,2756.7632666523,flava
1000,0.001442972,Muscicapa,3399.3422271233,striata
1001,0.0014508757,Muscicapa,3413.4443307119,striata
1002,0.0013386788,Muscicapa,3399.2553780294,striata
1003,0.0014537378,Muscicapa,3413.8636295811,striata
1004,0.0013464316,Muscicapa,3392.8026776708,striata
1005,0.0015232319,Muscicapa,3430.9413454024,striata
1006,0.0522795622,Muscicapa,4382.2145454802,striata
1007,0.0521061954,Muscicapa,4370.5995966878,striata
1008,0.0522820378,Muscicapa,4395.0794988281,striata
1009,0.0516160247,Muscicapa,4394.8576537048,striata
1010,0.0205473757,Muscicapa,3749.0650332094,striata
1011,0.0206817482,Muscicapa,3762.427289313,striata
1012,0.024435606,Muscicapa,3808.7088532386,striata
1013,0.0201520263,Muscicapa,3746.9233308703,striata
1014,0.0243228701,Muscicapa,3809.3655486613,striata
1015,0.022508309,Muscicapa,3776.9046129195,striata
1016,0.0240105003,Muscicapa,3801.3319954896,striata
1017,0.0233109982,Muscicapa,3805.9136522535,striata
1018,0.0238339723,Muscicapa,3797.0077119137,striata
1019,0.0224533496,Muscicapa,3796.4836750256,striata
1020,0.1056148613,Oriolus,2523.2054736502,oriolus
1021,0.0985362738,Oriolus,2398.1972218777,oriolus
1022,0.0998743526,Oriolus,2305.4906744896,oriolus
1023,0.1086524345,Oriolus,2510.688447971,oriolus
1024,0.1100655127,Oriolus,2448.6195608716,oriolus
1025,0.1086284651,Oriolus,2462.0406233097,oriolus
1026,0.1124870737,Oriolus,2512.5665361502,oriolus
1027,0.0006668636,Oriolus,848.8391640265,oriolus
1028,0.0009009137,Oriolus,865.94048261,oriolus
1029,0.0009861263,Oriolus,865.38114915,oriolus
1030,0.0029105644,Oriolus,1761.0831554063,oriolus
1031,0.0043884086,Oriolus,1690.9699265425,oriolus
1032,0.1736181229,Oriolus,1660.2763468364,oriolus
1033,0.0051283044,Oriolus,1670.5381872687,oriolus
1034,0.0037749834,Oriolus,1692.8757136897,oriolus
1035,0.0029867779,Oriolus,1736.0267315477,oriolus
1036,0.1626687519,Oriolus,1789.7648940014,oriolus
1037,0.0050829318,Oriolus,1650.8624193954,oriolus
1038,0.1556429411,Oriolus,1773.5042842309,oriolus
1039,0.1653909326,Oriolus,1771.7543550084,oriolus
1040,0.0448612581,Parus,2404.4266336136,major
1041,0.0431208836,Parus,2368.6530216271,major
1042,0.0431466866,Parus,2355.537372895,major
1043,0.0450191389,Parus,2400.4045502545,major
1044,0.0447640748,Parus,2404.658456082,major
1045,0.0439475126,Parus,2368.8724813752,major
1046,0.043214399,Parus,2341.4167465087,major
1047,0.0450051818,Parus,2397.8134746788,major
1048,0.0439676901,Parus,2371.4404558969,major
1049,0.0429590864,Parus,2333.9192120658,major
1050,0.0019692872,Parus,3525.2581109987,major
1051,0.0026582979,Parus,3493.4606138837,major
1052,0.0021595636,Parus,3509.710735042,major
1053,0.0020244919,Parus,3532.4907417911,major
1054,0.0022689716,Parus,3532.6631192558,major
1055,0.0022863813,Parus,3512.1655006429,major
1056,0.0020770147,Parus,3529.7001973607,major
1057,0.0021068622,Parus,3522.6710251918,major
1058,0.0026684223,Parus,3492.1131127733,major
1059,0.002499017,Parus,3503.7701143108,major
1060,0.4256127923,Passer,2348.0360546283,domesticus
1061,0.4815224527,Passer,2337.2088993762,domesticus
1062,0.4234002399,Passer,2333.5043861445,domesticus
1063,0.4743684151,Passer,2332.3137993207,domesticus
1064,0.5986309833,Passer,2440.8060571232,domesticus
1065,0.5919269301,Passer,2438.4954341296,domesticus
1066,0.5954851533,Passer,2448.2341444159,domesticus
1067,0.5917025974,Passer,2416.1977985898,domesticus
1068,0.5754172213,Passer,2435.1733270467,domesticus
1069,0.574890344,Passer,2432.9224173651,domesticus
1070,0.5793830309,Passer,2441.8752989432,domesticus
1071,0.570076807,Passer,2428.5489472394,domesticus
1072,0.561368251,Passer,2412.6612408523,domesticus
1073,0.5809619302,Passer,2420.3586564274,domesticus
1074,0.0344390163,Passer,1985.9237210339,domesticus
1075,0.014933241,Passer,1964.0889569813,domesticus
1076,0.0276316979,Passer,1948.119065524,domesticus
1077,0.0208185117,Passer,2014.3847853126,domesticus
1078,0.0178267281,Passer,1943.2606457206,domesticus
1079,0.0226611591,Passer,1946.8916160263,domesticus
1080,0.517183167,Passer,2318.7820895571,montanus
1081,0.6803507309,Passer,2347.7638984545,montanus
1082,0.6333429137,Passer,2321.2368377868,montanus
1083,0.4804724392,Passer,2325.5162341599,montanus
1084,0.6378140909,Passer,2326.0879913668,montanus
1085,0.5715809588,Passer,2346.178651193,montanus
1086,0.6571496939,Passer,2333.4812426725,montanus
1087,0.5521012913,Passer,2321.4333636071,montanus
1088,0.3947093765,Passer,2573.8940433616,montanus
1089,0.394174849,Passer,2559.1392112778,montanus
1090,0.3916496166,Passer,2575.7444135423,montanus
1091,0.3521193489,Passer,2556.4075143433,montanus
1092,0.3661501021,Passer,2559.5573017294,montanus
1093,0.3471395762,Passer,2575.1182825614,montanus
1094,0.3571882814,Passer,2564.313536092,montanus
1095,0.3789523677,Passer,2559.0395750123,montanus
1096,0.3827205131,Passer,2545.7831772762,montanus
1097,0.3865377141,Passer,2558.8670120423,montanus
1098,0.7798862393,Passer,2165.8403621995,montanus
1099,0.7865492728,Passer,2181.9188299177,montanus
1100,0.1140500502,Perdix,1502.4860424833,perdix
1101,0.1162799988,Perdix,1541.9775891955,perdix
1102,0.1134393811,Perdix,1559.898169259,perdix
1103,0.1185461574,Perdix,1552.9559016276,perdix
1104,0.1145012359,Perdix,1467.8222722421,perdix
1105,0.1156248391,Perdix,1431.6924158221,perdix
1106,0.0844267357,Perdix,2160.0965176881,perdix
1107,0.0282437405,Perdix,2161.6884426736,perdix
1108,0.0295941946,Perdix,2164.0325377608,perdix
1109,0.0278159424,Perdix,2165.1198548769,perdix
1110,0.0845719004,Perdix,2164.5318945376,perdix
1111,0.0837182496,Perdix,2164.3268429521,perdix
1112,0.0841217242,Perdix,2161.6914521072,perdix
1113,0.3864193208,Perdix,1497.1235013261,perdix
1114,0.3860152304,Perdix,1494.5976410946,perdix
1115,0.3855163724,Perdix,1490.7748929268,perdix
1116,0.3849898091,Perdix,1491.2931235915,perdix
1117,0.384518036,Perdix,1496.3877160885,perdix
1118,0.3841689002,Perdix,1500.0769794897,perdix
1119,0.3839029476,Perdix,1497.5753583828,perdix
1120,0.0018637567,Periparus,2487.4468037337,ater
1121,0.0025694832,Periparus,2500.2499317393,ater
1122,0.0019157038,Periparus,2463.3880314605,ater
1123,0.0028460453,Periparus,2481.0632485909,ater
1124,0.0020170851,Periparus,2459.3484924534,ater
1125,0.0034659844,Periparus,2511.786149507,ater
1126,0.0062008582,Periparus,2362.7815290742,ater
1127,0.0068161497,Periparus,2436.9679314392,ater
1128,0.0069658223,Periparus,2426.9234389446,ater
1129,0.0065705745,Periparus,2383.2920134019,ater
1130,0.006259488,Periparus,2377.1714732448,ater
1131,0.0061798585,Periparus,2450.2958764283,ater
1132,0.0064570395,Periparus,2373.6180813404,ater
1133,0.0065108342,Periparus,2423.8633062294,ater
1134,0.8167673059,Periparus,3893.2668754542,ater
1135,0.8163557555,Periparus,3900.7733999995,ater
1136,0.8122089693,Periparus,3895.5270470738,ater
1137,0.7821950284,Periparus,3915.4260804021,ater
1138,0.7773180462,Periparus,3862.221906134,ater
1139,0.7789924827,Periparus,3916.33359898,ater
1140,0.1232153728,Pernis,1522.6115901902,apivorus
1141,0.862909141,Pernis,944.8771217894,apivorus
1142,0.8679904364,Pernis,931.9323358363,apivorus
1143,0.8721147352,Pernis,932.9993098878,apivorus
1144,0.871634851,Pernis,940.8033668094,apivorus
1145,0.8510953767,Pernis,943.2324232761,apivorus
1146,0.8360338662,Pernis,943.3554148526,apivorus
1147,0.8323076034,Pernis,934.7043576902,apivorus
1148,0.8319678578,Pernis,934.1106954113,apivorus
1149,0.8317487035,Pernis,948.5562782037,apivorus
1150,0.831808833,Pernis,930.3852730313,apivorus
1151,0.8324675439,Pernis,939.050727146,apivorus
1152,0.8330399455,Pernis,927.8159389607,apivorus
1153,0.8345805119,Pernis,930.4635345055,apivorus
1154,0.8490596069,Pernis,935.90493617,apivorus
1155,0.8557085652,Pernis,932.0382857173,apivorus
1156,0.0007920026,Pernis,1696.2554033139,apivorus
1157,0.0004850823,Pernis,1676.1258370621,apivorus
1158,0.0007887032,Pernis,1702.8509112737,apivorus
1159,0.000664021,Pernis,1709.615129178,apivorus
1160,0.6026723648,Phasianus,1724.5384747779,colchicus
1161,0.7066910788,Phasianus,1724.4499903087,colchicus
1162,1,Phasianus,1717.389168343,colchicus
1163,1,Phasianus,1453.7276674035,colchicus
1164,1,Phasianus,1452.9993425627,colchicus
1165,1,Phasianus,1440.2671667065,colchicus
1166,1,Phasianus,1388.459390589,colchicus
1167,1,Phasianus,1371.4720373715,colchicus
1168,1,Phasianus,1375.8250311519,colchicus
1169,0.98484411,Phasianus,1468.1313061023,colchicus
1170,1,Phasianus,1464.1745812415,colchicus
1171,1,Phasianus,1406.5818218266,colchicus
1172,0.9433776471,Phasianus,1390.2606927979,colchicus
1173,0.9163206172,Phasianus,1384.5676496608,colchicus
1174,0.9019359578,Phasianus,1384.6083514072,colchicus
1175,0.4838021605,Phasianus,1447.7457385909,colchicus
1176,0.6164399392,Phasianus,1482.0304259107,colchicus
1177,0.6297503697,Phasianus,1474.2422563433,colchicus
1178,1,Phasianus,1449.7956304584,colchicus
1179,0.5923846351,Phasianus,1425.0966647569,colchicus
1180,0.0292125808,Phoenicurus,2040.8259050827,phoenicurus
1181,0.0277502493,Phoenicurus,2044.461614776,phoenicurus
1182,0.0267397634,Phoenicurus,2039.7505632163,phoenicurus
1183,0.0289236769,Phoenicurus,2039.5594796681,phoenicurus
1184,0.0275910066,Phoenicurus,2034.5579238873,phoenicurus
1185,0.028524574,Phoenicurus,2043.5826377296,phoenicurus
1186,0.02132703,Phoenicurus,2045.619389242,phoenicurus
1187,0.0258516673,Phoenicurus,2048.9733429536,phoenicurus
1188,0.0260016744,Phoenicurus,2045.3540808618,phoenicurus
1189,0.0262306071,Phoenicurus,2045.5857885494,phoenicurus
1190,0.5400872898,Phoenicurus,2268.737571302,phoenicurus
1191,0.5247907879,Phoenicurus,2268.8040514665,phoenicurus
1192,0.727746092,Phoenicurus,2270.75017164,phoenicurus
1193,0.7926387081,Phoenicurus,2266.2645232168,phoenicurus
1194,0.782448871,Phoenicurus,2241.7325589652,phoenicurus
1195,0.8109006492,Phoenicurus,2218.5643732672,phoenicurus
1196,0.8106819434,Phoenicurus,2210.6075762427,phoenicurus
1197,0.8229522175,Phoenicurus,2236.598625039,phoenicurus
1198,0.852769147,Phoenicurus,2227.120422555,phoenicurus
1199,0.7692706505,Phoenicurus,2216.9389941577,phoenicurus
1200,0.0060582899,Phylloscopus,2988.1061754625,collybita
1201,0.0063531077,Phylloscopus,3029.7664293215,collybita
1202,0.00599899,Phylloscopus,3000.7691585081,collybita
1203,0.0064355449,Phylloscopus,3044.5362469999,collybita
1204,0.0084412825,Phylloscopus,3131.115213776,collybita
1205,0.0072843045,Phylloscopus,3062.4864128699,collybita
1206,0.0082584121,Phylloscopus,3101.2143762933,collybita
1207,0.0087213631,Phylloscopus,3136.8740213385,collybita
1208,0.0086257845,Phylloscopus,3062.7453610846,collybita
1209,0.0084633046,Phylloscopus,3063.3129784563,collybita
1210,0.0081192632,Phylloscopus,3038.222716297,collybita
1211,0.0085133724,Phylloscopus,3069.9518984676,collybita
1212,0.0014603942,Phylloscopus,3229.1529153043,collybita
1213,0.0014345596,Phylloscopus,3216.445482392,collybita
1214,0.0014556627,Phylloscopus,3228.6318476496,collybita
1215,0.0014339856,Phylloscopus,3223.4664635392,collybita
1216,0.0014609991,Phylloscopus,3227.6459561734,collybita
1217,0.0014347713,Phylloscopus,3225.4035910395,collybita
1218,0.0013917329,Phylloscopus,3216.5214420386,collybita
1219,0.0014059963,Phylloscopus,3218.8364861002,collybita
1220,1,Phylloscopus,4225.9080377201,sibilatrix
1221,1,Phylloscopus,4236.5704306334,sibilatrix
1222,1,Phylloscopus,4222.8859381721,sibilatrix
1223,1,Phylloscopus,4236.0458073938,sibilatrix
1224,1,Phylloscopus,4414.9791047463,sibilatrix
1225,1,Phylloscopus,4398.8487620972,sibilatrix
1226,1,Phylloscopus,4344.6827387183,sibilatrix
1227,1,Phylloscopus,4388.3136199874,sibilatrix
1228,1,Phylloscopus,4376.8965806927,sibilatrix
1229,1,Phylloscopus,4336.0337471704,sibilatrix
1230,1,Phylloscopus,4386.9345569618,sibilatrix
1231,1,Phylloscopus,4348.7171439482,sibilatrix
1232,1,Phylloscopus,4389.9937583948,sibilatrix
1233,1,Phylloscopus,4373.9650570183,sibilatrix
1234,0.010924761,Phylloscopus,3299.9658074473,sibilatrix
1235,0.0128311048,Phylloscopus,3343.422593161,sibilatrix
1236,0.0127234029,Phylloscopus,3350.8364067553,sibilatrix
1237,0.0114737393,Phylloscopus,3294.4491342293,sibilatrix
1238,0.0122456392,Phylloscopus,3303.4099402542,sibilatrix
1239,0.0120807754,Phylloscopus,3293.3785913992,sibilatrix
1240,0.0001676787,Phylloscopus,1512.3192623572,trochilus
1241,0.0003369213,Phylloscopus,1544.9277665628,trochilus
1242,0.0003091419,Phylloscopus,1529.6605518754,trochilus
1243,0.0006228989,Phylloscopus,1517.9682458086,trochilus
1244,0.0005338773,Phylloscopus,1567.7167650611,trochilus
1245,0.0005914506,Phylloscopus,1551.8037746711,trochilus
1246,0.0007421095,Phylloscopus,1565.8133384781,trochilus
1247,0.0002944328,Phylloscopus,1558.0705008162,trochilus
1248,0.0003040115,Phylloscopus,1529.4278182771,trochilus
1249,0.0003110993,Phylloscopus,1544.5508976853,trochilus
1250,0.0002282474,Phylloscopus,1545.3466867954,trochilus
1251,0.0002547283,Phylloscopus,1529.0547521939,trochilus
1252,0.0004441453,Phylloscopus,1560.1065731759,trochilus
1253,0.0002325368,Phylloscopus,1532.159572172,trochilus
1254,0.0008180589,Phylloscopus,1568.7849390615,trochilus
1255,0.0007544866,Phylloscopus,1568.7712639059,trochilus
1256,0.0007999369,Phylloscopus,1575.1242437433,trochilus
1257,0.0009818133,Phylloscopus,1588.2346824352,trochilus
1258,0.0001085908,Phylloscopus,1530.6111402552,trochilus
1259,0.0042803603,Phylloscopus,2898.8937113299,trochilus
1260,0.6753036903,Pica,1819.7951645415,pica
1261,0.6744804108,Pica,1811.1472762664,pica
1262,0.4791057018,Pica,1822.8300189178,pica
1263,0.4760886431,Pica,1821.8653870219,pica
1264,0.4747991844,Pica,1816.1784522722,pica
1265,0.4851581273,Pica,1824.5314544202,pica
1266,0.4692351963,Pica,1827.7985008992,pica
1267,0.4643015757,Pica,1823.7529200302,pica
1268,0.5747291556,Pica,1820.9444249394,pica
1269,0.6436484973,Pica,1823.805375353,pica
1270,0.6754537894,Pica,1811.456436317,pica
1271,0.4848025838,Pica,1837.9068007332,pica
1272,0.6743173215,Pica,1790.0545361456,pica
1273,0.2197870241,Pica,1211.7260128507,pica
1274,0.2260884758,Pica,1218.2202484795,pica
1275,0.2277014984,Pica,1215.7212183401,pica
1276,0.2300332265,Pica,1215.9418428092,pica
1277,0.2264569875,Pica,1216.7869154199,pica
1278,0.2373193185,Pica,1224.8380142091,pica
1279,0.2378343174,Pica,1230.8518196027,pica
1280,0.6784687654,Picus,1576.2445048065,viridis
1281,0.6972497821,Picus,1599.3235179073,viridis
1282,0.6960346895,Picus,1531.4976988714,viridis
1283,0.0012756646,Picus,932.6512321092,viridis
1284,0.0006095469,Picus,918.5253235534,viridis
1285,0.0003461508,Picus,910.1958167719,viridis
1286,6.30883852172089E-05,Picus,905.1143165938,viridis
1287,8.02991820191693E-05,Picus,908.415105801,viridis
1288,0.0010567732,Picus,933.3787917482,viridis
1289,0.0013273281,Picus,941.9166029886,viridis
1290,0.0014858408,Picus,948.401609597,viridis
1291,0.0015575242,Picus,948.9190481146,viridis
1292,0.0014955193,Picus,941.9436143277,viridis
1293,0.0010865754,Picus,931.5872367367,viridis
1294,0.0007603303,Picus,922.6826273296,viridis
1295,0.0004483624,Picus,919.0294635792,viridis
1296,0.0002062951,Picus,914.6534752411,viridis
1297,0.000074042,Picus,910.8303081685,viridis
1298,0.0013151787,Picus,1609.8742679289,viridis
1299,0.0014712195,Picus,1612.6566836301,viridis
1300,0.0660944239,Pluvialis,1573.8097908065,apricaria
1301,0.0699145075,Pluvialis,1576.3909457889,apricaria
1302,0.0654378233,Pluvialis,1588.4983992917,apricaria
1303,0.1027795873,Pluvialis,1572.7684966802,apricaria
1304,0.0828270228,Pluvialis,1574.9786465263,apricaria
1305,0.0774275812,Pluvialis,1587.1567661298,apricaria
1306,0.0825262814,Pluvialis,1596.297290809,apricaria
1307,0.0886431104,Pluvialis,1581.5789553225,apricaria
1308,0.0781692339,Pluvialis,1604.6951202661,apricaria
1309,0.0839402432,Pluvialis,1596.8285628052,apricaria
1310,0.1021290753,Pluvialis,1588.4254412833,apricaria
1311,0.00132731,Pluvialis,1638.9407247937,apricaria
1312,0.0007046404,Pluvialis,1648.1439864896,apricaria
1313,0.0014128474,Pluvialis,1637.4007240008,apricaria
1314,1,Pluvialis,1551.4193806849,apricaria
1315,1,Pluvialis,1601.8354547894,apricaria
1316,0.9410666637,Pluvialis,1573.9064092709,apricaria
1317,1,Pluvialis,1683.8549129424,apricaria
1318,1,Pluvialis,1563.6428502758,apricaria
1319,1,Pluvialis,1622.0521735255,apricaria
1320,0.0001838162,Pluvialis,1704.6361528459,squatarola
1321,0.6535450316,Pluvialis,337.158545604,squatarola
1322,0.74477726,Pluvialis,334.7735205407,squatarola
1323,0.7439183518,Pluvialis,337.2667988453,squatarola
1324,0.6359875728,Pluvialis,336.6516341458,squatarola
1325,0.6360075435,Pluvialis,335.8007490026,squatarola
1326,0.7431549982,Pluvialis,335.2396645028,squatarola
1327,0.7431681824,Pluvialis,336.7086188899,squatarola
1328,0.743284478,Pluvialis,339.0897947895,squatarola
1329,0.7541391923,Pluvialis,337.560183189,squatarola
1330,0.6670348441,Pluvialis,337.6833898587,squatarola
1331,0.6721045466,Pluvialis,336.8789796267,squatarola
1332,0.689594926,Pluvialis,338.4041933389,squatarola
1333,0.7885241316,Pluvialis,336.2270913848,squatarola
1334,0.8184114973,Pluvialis,336.6166327549,squatarola
1335,0.7665003031,Pluvialis,335.5749235394,squatarola
1336,0.0007265879,Pluvialis,1706.0310193143,squatarola
1337,0.0018062933,Pluvialis,1695.9131667064,squatarola
1338,0.0014232809,Pluvialis,1693.5272704182,squatarola
1339,0.0017676604,Pluvialis,1697.5056584297,squatarola
1340,0.0032273926,Poecile,2305.2759665379,montanus
1341,0.0031620708,Poecile,2308.7758965462,montanus
1342,0.00317257,Poecile,2277.0441109271,montanus
1343,0.00406614,Poecile,2300.0871586651,montanus
1344,0.0035023831,Poecile,2268.4318686539,montanus
1345,0.0034319399,Poecile,2274.2924207843,montanus
1346,0.0004531058,Poecile,3299.2371602499,montanus
1347,0.000713332,Poecile,3267.9513740468,montanus
1348,0.0004824161,Poecile,3305.6920474756,montanus
1349,0.0007638464,Poecile,3268.1309683512,montanus
1350,0.0006375112,Poecile,3283.2506554457,montanus
1351,0.0009094648,Poecile,3273.4795005468,montanus
1352,0.0008637986,Poecile,3275.0417553245,montanus
1353,0.0006628474,Poecile,3296.3156321604,montanus
1354,0.0006687631,Poecile,3306.5587357158,montanus
1355,0.0006926715,Poecile,3309.5868206443,montanus
1356,0.0008263273,Poecile,3293.882425381,montanus
1357,0.0011927292,Poecile,3267.6102975257,montanus
1358,0.0008656749,Poecile,3292.9360828189,montanus
1359,0.0010903873,Poecile,3282.1892472294,montanus
1360,0.1394765996,Poecile,2188.9532749034,palustris
1361,0.1366677086,Poecile,2177.3362449997,palustris
1362,0.1321970534,Poecile,2215.1618422525,palustris
1363,0.1391565947,Poecile,2229.6590665976,palustris
1364,0.1091702446,Poecile,2209.3406775009,palustris
1365,0.8213910665,Poecile,2604.4825673307,palustris
1366,0.8612285451,Poecile,2600.6008136259,palustris
1367,0.8824425531,Poecile,2603.3360319707,palustris
1368,0.8808696287,Poecile,2600.0071138208,palustris
1369,0.9231887648,Poecile,2589.3303558638,palustris
1370,0.905242972,Poecile,2585.4732932727,palustris
1371,0.935162909,Poecile,2589.7563980781,palustris
1372,0.8521341505,Poecile,2585.5853218972,palustris
1373,0.8283297622,Poecile,2582.8126516764,palustris
1374,0.8859002164,Poecile,2565.4174031228,palustris
1375,0.9538624156,Poecile,2567.0265603802,palustris
1376,0.9440626436,Poecile,2571.994310723,palustris
1377,0.9796188081,Poecile,2586.8112157497,palustris
1378,0.8842080928,Poecile,2571.0728565791,palustris
1379,0.9322476924,Poecile,2555.6181796552,palustris
1380,0.000428207,Prunella,2945.8975798223,modularis
1381,0.0003428751,Prunella,3008.3664470758,modularis
1382,0.0003482867,Prunella,2989.870065781,modularis
1383,0.0002203001,Prunella,2863.3052627006,modularis
1384,0.0003007169,Prunella,2960.0843892655,modularis
1385,0.0003246605,Prunella,2957.8594094851,modularis
1386,0.0002924258,Prunella,2938.9715785435,modularis
1387,0.0003199557,Prunella,2992.2721848631,modularis
1388,0.0003527308,Prunella,2988.0368099605,modularis
1389,0.0002168601,Prunella,2854.0941630771,modularis
1390,0.0002364737,Prunella,2911.2840399833,modularis
1391,0.0002370526,Prunella,2909.3365727839,modularis
1392,0.000217202,Prunella,2872.158880718,modularis
1393,0.0003280796,Prunella,2988.7883153252,modularis
1394,0.0002641881,Prunella,2960.3544070462,modularis
1395,0.0003207414,Prunella,2966.6906537648,modularis
1396,0.0010209647,Prunella,2646.7637221766,modularis
1397,0.0025128982,Prunella,2651.2747531465,modularis
1398,0.001370007,Prunella,2636.3333827194,modularis
1399,0.0001931675,Prunella,2637.2609826549,modularis
1400,0.7142514623,Pyrrhula,1227.3723944396,pyrrhula
1401,0.8061806006,Pyrrhula,1210.8555151644,pyrrhula
1402,0.0103722933,Pyrrhula,2716.0706004755,pyrrhula
1403,0.0109750441,Pyrrhula,2656.2768850988,pyrrhula
1404,0.0091843717,Pyrrhula,2692.1358594485,pyrrhula
1405,0.0100606637,Pyrrhula,2711.9499900535,pyrrhula
1406,0.0101779503,Pyrrhula,2653.6273557904,pyrrhula
1407,0.0095580974,Pyrrhula,2703.1720356366,pyrrhula
1408,0.0099238345,Pyrrhula,2691.9070764029,pyrrhula
1409,0.0091448926,Pyrrhula,2690.564376106,pyrrhula
1410,0.0097986863,Pyrrhula,2622.2879799843,pyrrhula
1411,0.0110466083,Pyrrhula,2649.4682177123,pyrrhula
1412,0.009510062,Pyrrhula,2666.4570309358,pyrrhula
1413,0.0046530501,Pyrrhula,2704.8721010836,pyrrhula
1414,0.0088270024,Pyrrhula,2741.9710614095,pyrrhula
1415,0.0095868525,Pyrrhula,2724.4767320919,pyrrhula
1416,0.0086622292,Pyrrhula,2716.1495067552,pyrrhula
1417,0.0041775069,Pyrrhula,2661.3425384216,pyrrhula
1418,0.0026741307,Pyrrhula,2743.4163201382,pyrrhula
1419,0.001059002,Pyrrhula,1794.1077816827,pyrrhula
1420,0.0013475152,Regulus,3452.4533345887,regulus
1421,0.001327463,Regulus,3442.6760181633,regulus
1422,0.0035406128,Regulus,3619.0809966807,regulus
1423,0.0027601101,Regulus,3612.7755053072,regulus
1424,0.0037830902,Regulus,3632.561081,regulus
1425,0.002155352,Regulus,3587.9082904433,regulus
1426,0.0018050676,Regulus,3535.9994529389,regulus
1427,0.0018159862,Regulus,3568.1726240984,regulus
1428,0.0038015547,Regulus,3690.3581474236,regulus
1429,0.0017308288,Regulus,3560.7054153779,regulus
1430,0.0002964454,Regulus,3485.6011784043,regulus
1431,0.0002657035,Regulus,3447.648094993,regulus
1432,0.0002293987,Regulus,3436.9265165731,regulus
1433,0.0002107522,Regulus,3420.1533702509,regulus
1434,0.0021505747,Regulus,3409.0530586472,regulus
1435,0.0016409393,Regulus,3412.8305297209,regulus
1436,0.0013140214,Regulus,3438.6997138899,regulus
1437,0.0023634464,Regulus,3410.3566608357,regulus
1438,0.0028943074,Regulus,3407.2103822121,regulus
1439,0.0028669601,Regulus,3400.1643923005,regulus
1440,0.0008517468,Sitta,1972.6298978903,europaea
1441,0.0021410728,Sitta,1881.5464012455,europaea
1442,0.0007902622,Sitta,1964.9496929106,europaea
1443,0.0022889913,Sitta,1889.7737925785,europaea
1444,0.0016610632,Sitta,1921.1081556344,europaea
1445,0.0011590229,Sitta,1937.519478568,europaea
1446,0.0009803443,Sitta,1944.558417727,europaea
1447,0.0014315345,Sitta,1927.9500473034,europaea
1448,0.001969579,Sitta,1907.2606535228,europaea
1449,0.0021192361,Sitta,1878.0200990978,europaea
1450,0.0027289803,Sitta,2485.7526495047,europaea
1451,0.0050319515,Sitta,2372.5818372122,europaea
1452,0.0030275648,Sitta,2462.7344777338,europaea
1453,0.0030696353,Sitta,2471.9700695436,europaea
1454,0.003785732,Sitta,2394.6550067208,europaea
1455,0.0024095662,Sitta,1749.328082807,europaea
1456,0.0015997802,Sitta,1758.3403849107,europaea
1457,0.001954023,Sitta,1777.0574611772,europaea
1458,0.0020733945,Sitta,1755.5064857691,europaea
1459,0.0012353021,Sitta,1775.3595113256,europaea
1460,0.9613838615,Streptopelia,482.9487023516,decaocto
1461,0.7672500547,Streptopelia,481.5189111987,decaocto
1462,0.9757542324,Streptopelia,483.3874062559,decaocto
1463,0.8204517148,Streptopelia,494.9029796159,decaocto
1464,0.8046967106,Streptopelia,500.2635898422,decaocto
1465,0.6826590221,Streptopelia,530.2803123178,decaocto
1466,0.719266604,Streptopelia,542.1038789459,decaocto
1467,0.6903430573,Streptopelia,563.5285374871,decaocto
1468,0.8129602868,Streptopelia,599.1418146952,decaocto
1469,0.8211279207,Streptopelia,610.0032608736,decaocto
1470,0.908932633,Streptopelia,587.3553615219,decaocto
1471,0.8886405762,Streptopelia,526.7009392185,decaocto
1472,0.828862209,Streptopelia,596.9341753151,decaocto
1473,0.8452550926,Streptopelia,611.455797119,decaocto
1474,0.8787545822,Streptopelia,592.7368633768,decaocto
1475,0.2702122751,Streptopelia,325.4985313783,decaocto
1476,0.4317198157,Streptopelia,325.5451321886,decaocto
1477,0.4311182674,Streptopelia,326.0251660111,decaocto
1478,0.4435725844,Streptopelia,328.8659909514,decaocto
1479,0.2502432022,Streptopelia,329.339879026,decaocto
1480,0.5898163006,Streptopelia,1662.4257662989,turtur
1481,0.6365839004,Streptopelia,1678.4295276319,turtur
1482,0.5801203134,Streptopelia,1686.2545897842,turtur
1483,0.4721962293,Streptopelia,1661.0109729347,turtur
1484,0.5631615228,Streptopelia,1326.2164249447,turtur
1485,0.6170252467,Streptopelia,1322.6407385215,turtur
1486,0.7271167808,Streptopelia,1336.3470722433,turtur
1487,0.5512721625,Streptopelia,1368.5583736309,turtur
1488,0.5777872364,Streptopelia,1373.6566566814,turtur
1489,0.5829424746,Streptopelia,1349.9196578848,turtur
1490,0.569988998,Streptopelia,1352.4428353791,turtur
1491,0.6164441981,Streptopelia,1378.8101994215,turtur
1492,0.5600952392,Streptopelia,1381.5000975726,turtur
1493,0.6349866027,Streptopelia,1383.5059723492,turtur
1494,0.5906118574,Streptopelia,1363.5971767615,turtur
1495,0.1329220992,Streptopelia,1058.6100655438,turtur
1496,0.1326016526,Streptopelia,1058.5809105278,turtur
1497,0.2896152939,Streptopelia,1060.2538247858,turtur
1498,0.1318129782,Streptopelia,1061.5698393563,turtur
1499,0.1181794236,Streptopelia,1058.2144272007,turtur
1500,0.0030065165,Strix,872.5458909874,aluco
1501,0.0007705237,Strix,959.9342766279,aluco
1502,0.0031102659,Strix,891.1485879224,aluco
1503,0.000793487,Strix,1086.6222595539,aluco
1504,0.001385204,Strix,1050.2845574356,aluco
1505,0.0015348633,Strix,1044.5228538301,aluco
1506,0.0017094536,Strix,1005.3908502321,aluco
1507,0.0027442665,Strix,990.2540102372,aluco
1508,0.0015749833,Strix,1010.2931954626,aluco
1509,0.001733243,Strix,989.6219923986,aluco
1510,0.0024782084,Strix,977.2492053336,aluco
1511,0.0026451276,Strix,964.4344847676,aluco
1512,0.0011371568,Strix,812.5245149084,aluco
1513,0.0008536668,Strix,817.5731255582,aluco
1514,0.0014026014,Strix,801.8045717877,aluco
1515,0.0005788987,Strix,828.5063019956,aluco
1516,0.0002706341,Strix,856.6988746512,aluco
1517,0.0010335572,Strix,808.4139593218,aluco
1518,0.0013938013,Strix,778.9948175183,aluco
1519,0.0003055729,Strix,835.7983322541,aluco
1520,0.1469617836,Sturnus,3298.2913290497,vulgaris
1521,0.1672495356,Sturnus,3322.2367061183,vulgaris
1522,0.144930596,Sturnus,3321.5882763812,vulgaris
1523,0.1468977246,Sturnus,3298.2359030515,vulgaris
1524,0.1633971286,Sturnus,3309.7568490262,vulgaris
1525,0.1455886082,Sturnus,3299.5400868911,vulgaris
1526,0.165142688,Sturnus,3288.4688932538,vulgaris
1527,0.0374178066,Sturnus,2212.8731919083,vulgaris
1528,0.0334051967,Sturnus,2218.2738721305,vulgaris
1529,0.0448443538,Sturnus,2227.3799185761,vulgaris
1530,0.0414784837,Sturnus,2234.1343053108,vulgaris
1531,0.0314446921,Sturnus,2222.7064931041,vulgaris
1532,0.0311139923,Sturnus,2216.0563113785,vulgaris
1533,0.0395989558,Sturnus,2222.7959663401,vulgaris
1534,0.0318551617,Sturnus,2214.1926886559,vulgaris
1535,0.0367748812,Sturnus,2213.8382489341,vulgaris
1536,0.0682364991,Sturnus,2209.1038785122,vulgaris
1537,0.0391632433,Sturnus,2220.8581819031,vulgaris
1538,0.0320500353,Sturnus,2206.071351565,vulgaris
1539,1,Sturnus,1071.0570099717,vulgaris
1540,0.0007239847,Sylvia,1701.0955793056,atricapilla
1541,0.0005012138,Sylvia,1704.4506002994,atricapilla
1542,0.0006979878,Sylvia,1701.2610839579,atricapilla
1543,0.2621314884,Sylvia,3403.3881390252,atricapilla
1544,0.2561829829,Sylvia,3392.6915450543,atricapilla
1545,0.259571375,Sylvia,3363.8543559345,atricapilla
1546,0.2614883705,Sylvia,3365.1024847596,atricapilla
1547,0.2842926115,Sylvia,3380.4986607739,atricapilla
1548,0.2629617854,Sylvia,3358.3309172031,atricapilla
1549,0.2657941529,Sylvia,3356.4912942429,atricapilla
1550,0.2715717964,Sylvia,3380.6662161119,atricapilla
1551,0.0027046321,Sylvia,1785.9703037658,atricapilla
1552,0.0007411291,Sylvia,1796.6450596348,atricapilla
1553,0.0011771178,Sylvia,1788.3944600107,atricapilla
1554,0.0034527369,Sylvia,1801.1666283656,atricapilla
1555,0.0036986965,Sylvia,1804.0817088554,atricapilla
1556,0.0017813408,Sylvia,1801.8080066211,atricapilla
1557,0.0044540196,Sylvia,1797.5203046659,atricapilla
1558,0.0046688701,Sylvia,1801.6832377031,atricapilla
1559,0.0015919178,Sylvia,1809.2182817219,atricapilla
1560,1,Sylvia,2463.3756490043,borin
1561,1,Sylvia,2470.3369804161,borin
1562,0.5162523498,Sylvia,911.8562277686,borin
1563,0.5293836132,Sylvia,918.0112901289,borin
1564,0.5117820263,Sylvia,924.6414546642,borin
1565,0.5178772044,Sylvia,933.3628795036,borin
1566,0.5187930209,Sylvia,947.8174503063,borin
1567,0.1673407103,Sylvia,2028.8235712304,borin
1568,0.1699486594,Sylvia,2038.7057491007,borin
1569,0.1772362059,Sylvia,2014.3497233067,borin
1570,0.1721204666,Sylvia,2007.440694791,borin
1571,0.1657127857,Sylvia,2047.3875394011,borin
1572,0.1661581004,Sylvia,2026.3156723345,borin
1573,0.1591368589,Sylvia,2026.4099216118,borin
1574,0.1642764674,Sylvia,2036.3006103252,borin
1575,0.162711853,Sylvia,2016.4125129682,borin
1576,0.1515994262,Sylvia,2031.6376494173,borin
1577,0.1616587044,Sylvia,2017.4595185373,borin
1578,0.1115369645,Sylvia,2028.7175352763,borin
1579,0.1769768267,Sylvia,2034.8557795805,borin
1580,0.7745079814,Sylvia,49.2789888135,communis
1581,0.7707957279,Sylvia,49.090382094,communis
1582,0.8135891276,Sylvia,49.3795145375,communis
1583,0.8166408793,Sylvia,49.5351316565,communis
1584,0.8283803103,Sylvia,50.4337478415,communis
1585,0.8362841933,Sylvia,52.7828105525,communis
1586,0.8347336046,Sylvia,55.8810720083,communis
1587,0.8274792962,Sylvia,59.6324791578,communis
1588,0.5304549919,Sylvia,1879.1316564479,communis
1589,0.512584394,Sylvia,1973.1110659011,communis
1590,0.7096974805,Sylvia,1954.5608884935,communis
1591,0.7098471407,Sylvia,1968.7459149106,communis
1592,0.3967821205,Sylvia,2034.0651995957,communis
1593,0.4115301659,Sylvia,1937.9683094026,communis
1594,0.3789427559,Sylvia,1952.1793454654,communis
1595,0.3827001817,Sylvia,2017.5831127551,communis
1596,0.3741837697,Sylvia,1881.525608756,communis
1597,0.4074952983,Sylvia,1960.99833804,communis
1598,0.4172907788,Sylvia,1912.7293037382,communis
1599,0.4313168843,Sylvia,1848.9559827334,communis
1600,0.7349285555,Sylvia,2411.5179624535,curruca
1601,0.722864738,Sylvia,2434.1656441533,curruca
1602,0.688472888,Sylvia,2422.9450200987,curruca
1603,0.6927248913,Sylvia,2399.1755377372,curruca
1604,0.7161088118,Sylvia,2432.1178288862,curruca
1605,0.0641911378,Sylvia,2128.7185760936,curruca
1606,0.0573526687,Sylvia,2131.8642935105,curruca
1607,0.0675448197,Sylvia,2123.511300524,curruca
1608,0.06405779,Sylvia,2109.376952654,curruca
1609,0.055890113,Sylvia,2126.8058063425,curruca
1610,0.5851897993,Sylvia,2503.8144759397,curruca
1611,0.5908467025,Sylvia,2502.3880237812,curruca
1612,0.6813292262,Sylvia,2502.2149418001,curruca
1613,0.683452435,Sylvia,2499.8478031481,curruca
1614,0.5476799829,Sylvia,2498.9756580387,curruca
1615,0.6035155276,Sylvia,2499.6186345017,curruca
1616,0.5800581532,Sylvia,2498.8697746244,curruca
1617,0.485869977,Sylvia,2495.5750927139,curruca
1618,0.5565219471,Sylvia,2496.7830336738,curruca
1619,0.6903190493,Sylvia,2493.8438141693,curruca
1620,0.0144502688,Tringa,1079.4654057746,glareola
1621,0.0141735055,Tringa,1057.3964395987,glareola
1622,0.0149232557,Tringa,1041.7520927535,glareola
1623,0.014779689,Tringa,1014.8352608632,glareola
1624,0.0151265649,Tringa,1068.8179610356,glareola
1625,0.0151306058,Tringa,1080.2576672329,glareola
1626,0.0149060897,Tringa,1040.5803691244,glareola
1627,0.0142481923,Tringa,1032.1066846534,glareola
1628,0.0137190867,Tringa,1059.9513739241,glareola
1629,0.01369218,Tringa,1065.1741844891,glareola
1630,0.0125125902,Tringa,1062.8932531788,glareola
1631,0.0115630327,Tringa,1048.0700190206,glareola
1632,0.0125551436,Tringa,1109.5635506232,glareola
1633,0.0127268296,Tringa,1104.9219578666,glareola
1634,0.0120797536,Tringa,1056.4924726254,glareola
1635,0.0119287958,Tringa,1078.3346873087,glareola
1636,0.0004883027,Tringa,2429.682982753,glareola
1637,0.0008893303,Tringa,2315.1865069209,glareola
1638,0.1695566788,Tringa,1366.2938849268,glareola
1639,0.1533183916,Tringa,1382.8120656651,glareola
1640,1,Tringa,1584.0778053598,totanus
1641,1,Tringa,1507.1186066172,totanus
1642,1,Tringa,1549.4859139313,totanus
1643,1,Tringa,1486.7857608914,totanus
1644,1,Tringa,1535.8512140022,totanus
1645,1,Tringa,1523.7071037688,totanus
1646,1,Tringa,1492.8250133654,totanus
1647,1,Tringa,1463.0047007213,totanus
1648,1,Tringa,1491.2507281581,totanus
1649,1,Tringa,1480.6273328954,totanus
1650,1,Tringa,1509.2230842345,totanus
1651,1,Tringa,1438.6918125133,totanus
1652,1,Tringa,1495.5839926279,totanus
1653,1,Tringa,1470.2932642788,totanus
1654,0.0791618852,Tringa,1213.6745824301,totanus
1655,0.0786575804,Tringa,1215.3444017594,totanus
1656,0.084167076,Tringa,1206.4506998386,totanus
1657,0.0918837706,Tringa,1208.3507572305,totanus
1658,0.0920340043,Tringa,1212.2045763332,totanus
1659,0.0966170578,Tringa,1217.4640097039,totanus
1660,4.42607152222211E-05,Troglodytes,3163.2441478453,troglodytes
1661,0.0001884692,Troglodytes,3259.9535628704,troglodytes
1662,5.23176174900174E-05,Troglodytes,3209.5028614705,troglodytes
1663,0.000060703,Troglodytes,3199.5929718318,troglodytes
1664,4.56865775084009E-05,Troglodytes,3187.2291224122,troglodytes
1665,0.0002240771,Troglodytes,3278.1480655771,troglodytes
1666,7.8675405524365E-05,Troglodytes,3209.6287623447,troglodytes
1667,0.0001950993,Troglodytes,3272.69906346,troglodytes
1668,0.0001295616,Troglodytes,3252.8296648202,troglodytes
1669,0.0387955139,Troglodytes,2351.8561122014,troglodytes
1670,0.0385613191,Troglodytes,2364.143131006,troglodytes
1671,0.0373148479,Troglodytes,2379.5207586543,troglodytes
1672,0.000174296,Troglodytes,2738.1777189872,troglodytes
1673,0.0002655791,Troglodytes,2767.1870553167,troglodytes
1674,0.0001218674,Troglodytes,2661.2220146628,troglodytes
1675,0.0001325271,Troglodytes,2659.411403527,troglodytes
1676,0.00025774,Troglodytes,2756.1697706608,troglodytes
1677,0.0002672972,Troglodytes,2762.3542070116,troglodytes
1678,0.000364913,Troglodytes,2781.5780918085,troglodytes
1679,0.0003167801,Troglodytes,2777.2039770969,troglodytes
1680,0.3778575434,Turdus,916.1974190176,iliacus
1681,0.4036542134,Turdus,920.7562078542,iliacus
1682,0.335977598,Turdus,927.5473319513,iliacus
1683,0.3542287807,Turdus,929.3645798794,iliacus
1684,0.3814096893,Turdus,931.9509315002,iliacus
1685,0.3385496049,Turdus,935.8650135664,iliacus
1686,0.4126486167,Turdus,938.4780469638,iliacus
1687,0.4216497345,Turdus,945.9620737061,iliacus
1688,0.001464518,Turdus,1683.6575773843,iliacus
1689,4.785808897247E-05,Turdus,1606.7063364097,iliacus
1690,0.0006527584,Turdus,1665.6929038779,iliacus
1691,8.29154331212077E-05,Turdus,1601.6106322365,iliacus
1692,0.0011598813,Turdus,1681.0062600102,iliacus
1693,0.0001687954,Turdus,1610.4827029942,iliacus
1694,0.0015436221,Turdus,1693.2822449856,iliacus
1695,0.0014248518,Turdus,1695.6982590157,iliacus
1696,0.0015796314,Turdus,1692.8324092908,iliacus
1697,0.0714360969,Turdus,2098.6180763907,iliacus
1698,0.1023595521,Turdus,2107.5113346357,iliacus
1699,0.03256024,Turdus,2118.412484614,iliacus
1700,1,Turdus,1753.2748423722,merula
1701,1,Turdus,1726.7138249467,merula
1702,1,Turdus,1730.3674925384,merula
1703,0.3219096624,Turdus,1763.7773798641,merula
1704,0.8726510312,Turdus,1782.2397659866,merula
1705,0.9882894288,Turdus,1877.6718777473,merula
1706,0.9690855898,Turdus,1856.6019389527,merula
1707,0.9198503587,Turdus,1826.3320790805,merula
1708,0.8952297609,Turdus,1875.8276890526,merula
1709,0.8479255523,Turdus,1844.7367113996,merula
1710,0.9949891975,Turdus,1929.8914606535,merula
1711,0.9986087666,Turdus,1913.6208315188,merula
1712,1,Turdus,1871.5490877929,merula
1713,1,Turdus,1937.1004525351,merula
1714,1,Turdus,1942.6866825471,merula
1715,0.4572668093,Turdus,1889.9403963178,merula
1716,0.357919199,Turdus,1974.9555279956,merula
1717,0.1699044154,Turdus,1512.4717128336,merula
1718,0.2612177537,Turdus,1494.4351941792,merula
1719,0.149484135,Turdus,1492.9132764901,merula
1720,0.0037832544,Turdus,1602.8184241064,philomelos
1721,0.0011598234,Turdus,1611.6056826545,philomelos
1722,0.0009972473,Turdus,1595.0404377709,philomelos
1723,0.0008532522,Turdus,1569.0516407011,philomelos
1724,0.0006860569,Turdus,1682.7943115759,philomelos
1725,0.0002644048,Turdus,1650.4115441006,philomelos
1726,0.001362649,Turdus,1623.5238128884,philomelos
1727,0.0007798295,Turdus,1661.8295669179,philomelos
1728,0.0006712824,Turdus,1689.5737872274,philomelos
1729,0.0015524093,Turdus,1717.5240627093,philomelos
1730,0.0003024593,Turdus,1663.9432958388,philomelos
1731,0.0002397544,Turdus,1699.5222851989,philomelos
1732,0.000221082,Turdus,1696.8494884055,philomelos
1733,0.000934408,Turdus,1705.2030765225,philomelos
1734,0.0010434836,Turdus,1675.8300584289,philomelos
1735,0.0015853467,Turdus,1671.2791931248,philomelos
1736,0.0008689381,Turdus,1675.7744550284,philomelos
1737,0.0006249429,Turdus,1669.5471029271,philomelos
1738,0.0057544131,Turdus,1741.664336375,philomelos
1739,0.0019433754,Turdus,1608.180151205,philomelos
1740,0.5359507796,Vanellus,2140.0949051414,vanellus
